date,Tmax,Tmin,wmean,wmax,rsum,rdur,snow,sd
2022-01-01,12.7,4.8,2.292857142857143,3.5,0.0,0,0.0,0.0
2022-01-02,11.8,3.0,4.5928571428571425,10.1,0.0,0,0.0,41.0
2022-01-03,11.9,7.1,5.757142857142857,8.6,6.1,9,0.0,0.0
2022-01-04,10.8,4.3,4.335714285714286,7.2,16.6,13,0.0,0.0
2022-01-05,5.1,1.4,6.821428571428571,9.8,0.0,0,0.0,92.0
2022-01-06,5.7,-1.4,2.0214285714285714,3.5,0.1,1,0.0,149.0
2022-01-07,1.9,-1.7,4.571428571428571,5.4,0.4,3,0.4,0.0
2022-01-08,2.7,0.0,4.15,6.9,0.5,2,0.5,88.0
2022-01-09,4.3,0.7,6.192857142857143,10.0,1.4000000000000001,5,0.0,0.0
2022-01-10,4.2,0.0,1.4714285714285715,2.1,0.0,0,0.0,34.0
2022-01-11,4.3,1.6,2.042857142857143,3.2,0.0,0,0.0,0.0
2022-01-12,3.6,-1.2,1.6857142857142857,2.7,0.0,0,0.0,293.0
2022-01-13,3.3,-2.0,1.3357142857142856,2.3,0.0,0,0.0,126.0
2022-01-14,7.4,-3.0,1.25,3.0,0.0,0,0.0,346.0
2022-01-15,2.4,-1.0,1.9214285714285713,3.9,0.0,0,0.0,0.0
2022-01-16,2.3,-0.4,3.5285714285714285,5.5,0.0,0,0.0,0.0
2022-01-17,4.8,2.0,6.242857142857143,9.7,0.0,0,0.0,0.0
2022-01-18,6.8,3.3,1.6214285714285714,2.7,0.0,0,0.0,89.0
2022-01-19,4.4,-0.6,4.257142857142857,7.0,0.0,0,0.0,277.0
2022-01-20,3.8,-0.4,5.6571428571428575,8.2,1.1,2,0.6,194.0
2022-01-21,3.3,-1.1,4.664285714285714,6.2,0.0,0,0.0,84.0
2022-01-22,4.7,2.7,3.914285714285714,6.3,0.0,0,0.0,0.0
2022-01-23,5.4,3.3,1.6428571428571428,2.4,0.0,0,0.0,0.0
2022-01-24,4.1,0.4,2.9285714285714284,4.6,0.0,0,0.0,0.0
2022-01-25,0.5,-3.2,1.6357142857142857,2.3,0.0,0,0.0,0.0
2022-01-26,0.4,-0.4,3.357142857142857,4.2,0.0,0,0.0,0.0
2022-01-27,3.8,-1.1,5.328571428571428,6.4,0.0,0,0.0,0.0
2022-01-28,6.1,2.2,4.1571428571428575,8.1,0.0,0,0.0,195.0
2022-01-29,6.8,2.2,6.542857142857143,11.1,0.0,0,0.0,0.0
2022-01-30,6.9,0.4,5.914285714285714,8.0,0.0,0,0.0,86.0
2022-01-31,4.3,0.6,7.6571428571428575,11.4,5.1000000000000005,8,0.0,5.0
2022-02-01,6.2,1.5,7.614285714285714,10.0,0.2,2,0.0,0.0
2022-02-02,8.8,2.8,5.214285714285714,7.8,0.7,2,0.0,205.0
2022-02-03,8.1,1.8,3.1285714285714286,4.8,0.0,0,0.0,0.0
2022-02-04,6.7,1.9,6.228571428571429,9.0,1.2,6,0.0,0.0
2022-02-05,5.9,0.5,5.035714285714286,6.9,0.0,0,0.0,207.0
2022-02-06,5.5,2.1,12.664285714285715,16.8,11.3,10,0.0,0.0
2022-02-07,6.2,1.3,6.607142857142857,9.5,0.1,1,0.0,184.0
2022-02-08,6.5,1.2,6.071428571428571,10.5,0.0,0,0.0,35.0
2022-02-09,11.9,2.5,3.3000000000000003,5.2,0.0,0,0.0,136.0
2022-02-10,7.6,1.0,4.4,8.5,0.0,0,0.0,98.0
2022-02-11,6.1,-0.6,6.007142857142857,10.2,0.6,3,0.0,282.0
2022-02-12,6.6,-3.9,2.65,4.8,0.0,0,0.0,489.0
2022-02-13,11.2,-3.7,3.3000000000000003,5.1,0.0,0,0.0,559.0
2022-02-14,13.5,2.2,4.921428571428572,7.7,0.5,2,0.0,173.0
2022-02-15,9.4,3.8,5.292857142857143,7.7,0.0,0,0.0,122.0
2022-02-16,11.9,4.3,9.078571428571427,10.7,0.6000000000000001,4,0.0,0.0
2022-02-17,12.0,7.0,10.792857142857143,15.2,1.5,5,0.0,120.0
2022-02-18,13.8,5.1,8.342857142857143,13.9,1.3,4,0.0,32.0
2022-02-19,8.2,2.8,8.75,12.2,0.0,0,0.0,334.0
2022-02-20,9.5,2.9,10.37857142857143,13.7,0.9,4,0.0,43.0
2022-02-21,9.4,3.8,10.992857142857144,14.1,2.5,5,0.0,289.0
2022-02-22,8.4,2.8,6.707142857142857,9.4,0.2,1,0.0,100.0
2022-02-23,11.6,2.7,3.192857142857143,4.6,0.0,0,0.0,600.0
2022-02-24,11.6,1.4,6.878571428571428,13.1,0.0,0,0.0,100.0
2022-02-25,6.7,0.6,6.521428571428571,8.6,2.0,3,0.0,349.0
2022-02-26,6.8,0.5,1.3785714285714286,2.1,0.0,0,0.0,130.0
2022-02-27,7.8,-1.2,4.385714285714285,6.6,0.0,0,0.0,613.0
2022-02-28,9.1,-2.9,2.4071428571428575,4.0,0.0,0,0.0,631.0
2022-03-01,6.9,-2.8,3.378571428571429,4.7,0.0,0,0.0,586.0
2022-03-02,7.4,-2.2,1.757142857142857,3.3,0.0,0,0.0,219.0
2022-03-03,9.7,-5.1,2.585714285714286,4.7,0.0,0,0.0,641.0
2022-03-04,8.0,-3.1,3.35,6.2,0.0,0,0.0,618.0
2022-03-05,6.6,-3.9,3.25,6.4,0.0,0,0.0,311.0
2022-03-06,4.6,-1.0,3.292857142857143,4.8,0.0,0,0.0,32.0
2022-03-07,4.7,-2.9,5.057142857142857,6.8,0.0,0,0.0,319.0
2022-03-08,9.3,-4.7,3.8428571428571425,6.9,0.0,0,0.0,662.0
2022-03-09,12.8,-4.7,2.414285714285714,4.0,0.0,0,0.0,665.0
2022-03-10,13.8,-2.8,3.8428571428571425,7.6,0.0,0,0.0,669.0
2022-03-11,12.2,-0.7,6.821428571428571,8.1,0.0,0,0.0,651.0
2022-03-12,11.4,-1.0,3.371428571428571,4.5,0.0,0,0.0,586.0
2022-03-13,13.9,-1.3,3.414285714285714,5.9,0.0,0,0.0,663.0
2022-03-14,11.8,0.9,3.4642857142857144,6.5,2.3,5,0.0,92.0
2022-03-15,9.0,0.7,1.407142857142857,2.6,8.1,6,0.0,0.0
2022-03-16,13.3,0.4,3.892857142857143,6.9,0.0,0,0.0,255.0
2022-03-17,11.2,6.0,2.335714285714286,4.3,0.2,2,0.0,0.0
2022-03-18,11.5,4.8,5.178571428571429,7.7,0.0,0,0.0,408.0
2022-03-19,11.5,2.4,6.857142857142857,11.5,0.2,1,0.0,546.0
2022-03-20,15.8,2.8,5.971428571428571,7.6,0.0,0,0.0,605.0
2022-03-21,14.5,1.8,3.1142857142857143,4.0,0.0,0,0.0,628.0
2022-03-22,17.0,-0.8,2.5357142857142856,4.1,0.0,0,0.0,705.0
2022-03-23,18.8,-1.1,1.3928571428571428,2.6,0.0,0,0.0,708.0
2022-03-24,19.5,-0.1,1.3142857142857143,2.3,0.0,0,0.0,691.0
2022-03-25,18.5,2.7,2.7214285714285715,4.7,0.0,0,0.0,678.0
2022-03-26,18.3,2.0,2.7142857142857144,3.8,0.0,0,0.0,689.0
2022-03-27,19.8,4.0,2.2,3.9,0.0,0,0.0,705.0
2022-03-28,20.8,3.7,2.9,6.6,0.0,0,0.0,663.0
2022-03-29,16.5,5.9,1.9857142857142858,5.7,0.1,1,0.0,279.0
2022-03-30,9.8,3.1,2.107142857142857,4.0,7.1,10,0.0,0.0
2022-03-31,7.0,2.3,3.5285714285714285,4.6,0.0,0,0.0,0.0
2022-04-01,2.3,-0.6,3.2214285714285715,3.8,16.9,14,14.7,0.0
2022-04-02,2.8,-1.5,3.107142857142857,5.3,0.9,3,0.9,0.0
2022-04-03,5.0,-2.1,2.642857142857143,4.4,0.0,0,0.0,585.0
2022-04-04,7.2,-2.3,8.757142857142856,11.5,0.0,0,0.0,415.0
2022-04-05,8.8,4.1,7.635714285714286,10.1,0.8,3,0.0,13.0
2022-04-06,14.7,8.4,7.664285714285714,10.4,0.0,0,0.0,284.0
2022-04-07,13.4,8.0,10.892857142857142,16.7,4.5,4,0.0,49.0
2022-04-08,8.5,0.1,3.2285714285714286,6.7,14.1,9,3.7,74.0
2022-04-09,8.4,0.2,7.428571428571429,10.0,0.6,3,0.0,541.0
2022-04-10,8.9,0.6,4.507142857142857,6.1,0.0,0,0.0,511.0
2022-04-11,14.3,-0.5,3.242857142857143,4.6,0.0,0,0.0,711.0
2022-04-12,20.0,3.8,4.171428571428572,5.8,0.0,0,0.0,575.0
2022-04-13,22.3,7.4,1.75,2.8,0.0,0,0.0,671.0
2022-04-14,21.2,8.4,2.3285714285714287,3.8,0.3,1,0.0,446.0
2022-04-15,19.3,7.9,3.6357142857142857,6.3,0.0,0,0.0,639.0
2022-04-16,13.8,4.4,5.542857142857143,7.3,0.0,0,0.0,568.0
2022-04-17,15.5,1.5,3.5785714285714287,5.4,0.0,0,0.0,780.0
2022-04-18,16.7,2.9,2.185714285714286,3.9,0.0,0,0.0,788.0
2022-04-19,17.8,3.9,3.5,7.0,0.0,0,0.0,764.0
2022-04-20,16.3,1.8,4.5928571428571425,7.1,0.0,0,0.0,732.0
2022-04-21,16.2,6.2,4.628571428571428,6.8,0.0,0,0.0,306.0
2022-04-22,19.1,5.2,6.114285714285714,7.5,0.0,0,0.0,622.0
2022-04-23,14.5,8.1,6.171428571428571,8.2,0.0,0,0.0,62.0
2022-04-24,10.6,7.3,2.0142857142857142,3.9,5.7,6,0.0,0.0
2022-04-25,14.7,6.2,2.3285714285714287,5.0,3.6,4,0.0,111.0
2022-04-26,12.5,7.4,1.8285714285714287,2.5,8.4,5,0.0,54.0
2022-04-27,17.0,6.2,2.4499999999999997,4.0,0.0,0,0.0,410.0
2022-04-28,18.8,4.0,1.9785714285714284,3.5,0.0,0,0.0,777.0
2022-04-29,19.5,5.6,1.707142857142857,2.9,0.0,0,0.0,513.0
2022-04-30,16.2,8.4,2.9857142857142853,5.2,4.1,2,0.0,142.0
2022-05-01,16.7,7.6,2.2214285714285715,5.1,0.0,0,0.0,336.0
2022-05-02,20.0,7.8,2.278571428571429,3.3,0.0,0,0.0,465.0
2022-05-03,21.9,8.9,2.357142857142857,3.9,0.0,0,0.0,522.0
2022-05-04,20.3,11.2,1.6071428571428572,3.7,12.2,3,0.0,209.0
2022-05-05,19.4,10.3,2.0285714285714285,3.4,4.7,3,0.0,311.0
2022-05-06,19.4,9.1,3.357142857142857,4.6,0.0,0,0.0,653.0
2022-05-07,21.4,7.6,2.835714285714286,4.7,0.0,0,0.0,739.0
2022-05-08,23.0,8.0,2.935714285714286,4.0,0.0,0,0.0,649.0
2022-05-09,23.8,9.8,2.3428571428571425,3.6,0.0,0,0.0,773.0
2022-05-10,25.2,9.3,3.585714285714286,5.8,0.0,0,0.0,600.0
2022-05-11,27.9,14.9,7.5928571428571425,11.0,0.0,0,0.0,764.0
2022-05-12,23.3,15.4,5.4071428571428575,8.4,0.0,0,0.0,503.0
2022-05-13,20.8,10.2,4.8999999999999995,8.5,0.0,0,0.0,770.0
2022-05-14,24.1,7.6,2.1,3.5,0.0,0,0.0,803.0
2022-05-15,24.9,9.5,2.664285714285714,4.0,0.0,0,0.0,759.0
2022-05-16,26.7,11.6,3.257142857142857,5.1,3.0,1,0.0,392.0
2022-05-17,24.5,12.9,1.592857142857143,2.8,0.0,0,0.0,462.0
2022-05-18,27.5,14.8,3.1214285714285714,5.1,0.0,0,0.0,801.0
2022-05-19,29.9,13.7,3.3857142857142857,6.2,1.3,1,0.0,718.0
2022-05-20,30.5,14.7,3.7214285714285715,6.9,0.2,1,0.0,492.0
2022-05-21,20.4,11.7,4.585714285714286,6.6,0.0,0,0.0,494.0
2022-05-22,23.7,9.3,2.3714285714285714,5.0,0.0,0,0.0,632.0
2022-05-23,25.3,12.1,4.707142857142857,7.3,0.4,2,0.0,317.0
2022-05-24,21.0,12.1,5.485714285714286,7.8,0.0,0,0.0,324.0
2022-05-25,22.0,11.5,4.264285714285714,5.8,0.0,0,0.0,554.0
2022-05-26,21.1,13.3,5.9071428571428575,8.4,0.0,0,0.0,421.0
2022-05-27,18.4,10.3,5.864285714285715,9.4,2.7,1,0.0,262.0
2022-05-28,18.5,7.8,4.557142857142857,7.4,0.0,0,0.0,603.0
2022-05-29,15.6,5.9,2.857142857142857,4.5,0.0,0,0.0,218.0
2022-05-30,18.1,4.7,1.8071428571428572,3.2,0.0,0,0.0,542.0
2022-05-31,23.4,6.0,3.935714285714286,7.3,0.0,0,0.0,593.0
2022-06-01,23.4,8.7,4.235714285714286,7.5,0.0,0,0.0,687.0
2022-06-02,21.7,7.4,1.8142857142857143,2.8,0.0,0,0.0,770.0
2022-06-03,28.5,10.7,2.8714285714285714,5.3,13.1,3,0.0,537.0
2022-06-04,24.7,14.9,1.8071428571428572,4.4,0.0,0,0.0,242.0
2022-06-05,23.3,14.1,3.4642857142857144,8.0,0.8,4,0.0,54.0
2022-06-06,23.1,13.9,4.964285714285714,8.1,0.0,0,0.0,437.0
2022-06-07,22.4,14.4,4.285714285714286,6.7,0.0,0,0.0,291.0
2022-06-08,24.3,13.1,4.4714285714285715,7.7,2.5,2,0.0,402.0
2022-06-09,20.7,12.5,4.5928571428571425,6.6,0.0,0,0.0,485.0
2022-06-10,24.8,9.7,2.157142857142857,3.4,0.0,0,0.0,719.0
2022-06-11,27.5,11.0,1.8214285714285714,3.6,0.0,0,0.0,481.0
2022-06-12,28.7,12.9,2.892857142857143,5.0,0.0,0,0.0,699.0
2022-06-13,23.0,12.6,3.7785714285714285,5.2,0.0,0,0.0,590.0
2022-06-14,25.5,9.1,1.7285714285714284,2.6,0.0,0,0.0,820.0
2022-06-15,30.4,11.8,2.042857142857143,3.0,0.0,0,0.0,828.0
2022-06-16,28.8,14.2,3.007142857142857,4.6,0.0,0,0.0,795.0
2022-06-17,28.6,13.4,2.157142857142857,3.3,0.0,0,0.0,780.0
2022-06-18,35.0,14.3,2.764285714285714,4.7,0.0,0,0.0,785.0
2022-06-19,35.6,17.1,5.114285714285714,7.6,0.0,0,0.0,814.0
2022-06-20,25.0,10.0,3.1714285714285713,6.4,0.0,0,0.0,251.0
2022-06-21,26.9,8.0,2.6999999999999997,3.7,0.0,0,0.0,822.0
2022-06-22,29.3,14.0,2.8000000000000003,6.6,0.0,0,0.0,394.0
2022-06-23,31.4,14.8,3.15,5.5,0.0,0,0.0,718.0
2022-06-24,27.3,16.2,3.65,6.7,0.0,0,0.0,292.0
2022-06-25,28.7,14.6,2.107142857142857,3.5,0.0,0,0.0,634.0
2022-06-26,31.0,14.4,2.314285714285714,3.4,0.0,0,0.0,655.0
2022-06-27,23.9,16.0,3.9142857142857146,6.4,0.6,1,0.0,112.0
2022-06-28,27.6,13.3,2.6571428571428575,5.3,0.0,0,0.0,764.0
2022-06-29,29.6,18.2,2.4428571428571426,5.0,0.0,0,0.0,235.0
2022-06-30,32.8,16.2,2.1714285714285713,4.0,0.0,0,0.0,504.0
2022-07-01,20.3,12.8,2.5785714285714287,4.8,2.1,5,0.0,249.0
2022-07-02,27.3,11.0,3.4785714285714286,4.8,0.0,0,0.0,824.0
2022-07-03,31.4,12.8,3.4071428571428575,6.9,0.0,0,0.0,815.0
2022-07-04,28.5,17.0,3.1142857142857143,5.6,0.0,0,0.0,817.0
2022-07-05,28.5,14.1,2.792857142857143,4.3,0.0,0,0.0,759.0
2022-07-06,24.6,15.2,3.335714285714286,4.0,0.0,0,0.0,654.0
2022-07-07,21.0,13.4,4.378571428571428,5.6,3.4000000000000004,4,0.0,114.0
2022-07-08,23.8,12.8,2.6928571428571426,4.3,0.0,0,0.0,435.0
2022-07-09,25.7,13.7,2.892857142857143,5.5,0.1,1,0.0,290.0
2022-07-10,21.3,12.6,3.492857142857143,4.6,0.0,0,0.0,286.0
2022-07-11,23.8,13.5,2.6214285714285714,3.8,0.0,0,0.0,144.0
2022-07-12,29.2,11.1,2.1142857142857143,3.2,0.0,0,0.0,696.0
2022-07-13,33.1,14.1,3.1214285714285714,6.2,0.0,0,0.0,314.0
2022-07-14,31.2,16.3,3.5285714285714285,5.8,0.0,0,0.0,332.0
2022-07-15,24.3,11.7,2.4714285714285715,4.0,0.0,0,0.0,528.0
2022-07-16,26.5,9.6,3.0785714285714287,4.9,0.0,0,0.0,673.0
2022-07-17,28.8,11.3,1.9714285714285715,3.0,0.0,0,0.0,826.0
2022-07-18,32.9,11.7,1.9714285714285715,3.1,0.0,0,0.0,830.0
2022-07-19,36.7,15.2,3.2357142857142853,4.8,0.0,0,0.0,832.0
2022-07-20,37.8,18.7,2.1285714285714286,3.9,0.0,0,0.0,710.0
2022-07-21,28.5,18.6,4.414285714285714,6.3,0.0,0,0.0,544.0
2022-07-22,31.6,15.4,1.9357142857142855,2.9,0.0,0,0.0,795.0
2022-07-23,29.3,18.4,2.85,5.5,0.3,1,0.0,526.0
2022-07-24,32.8,17.0,2.0571428571428574,4.5,0.0,0,0.0,798.0
2022-07-25,35.6,17.2,5.421428571428572,8.3,0.0,0,0.0,637.0
2022-07-26,27.4,17.2,3.842857142857143,6.4,0.0,0,0.0,524.0
2022-07-27,25.6,14.9,2.4857142857142853,2.9,0.0,0,0.0,404.0
2022-07-28,28.5,13.2,3.128571428571429,5.4,0.0,0,0.0,559.0
2022-07-29,29.5,15.9,2.0,3.1,2.1999999999999997,4,0.0,268.0
2022-07-30,27.6,14.6,3.8857142857142857,7.2,0.0,0,0.0,582.0
2022-07-31,29.7,14.1,2.9785714285714286,5.4,0.0,0,0.0,348.0
2022-08-01,29.1,18.0,3.192857142857143,4.7,0.0,0,0.0,339.0
2022-08-02,30.7,17.7,2.3714285714285714,4.4,0.0,0,0.0,748.0
2022-08-03,34.8,14.7,1.7142857142857142,2.6,0.0,0,0.0,813.0
2022-08-04,38.5,18.5,2.6571428571428575,5.0,0.0,0,0.0,733.0
2022-08-05,31.1,17.6,4.45,7.0,0.0,0,0.0,550.0
2022-08-06,26.1,14.6,2.7285714285714286,3.7,0.0,0,0.0,812.0
2022-08-07,27.8,12.4,2.5285714285714285,5.3,0.0,0,0.0,812.0
2022-08-08,29.8,14.1,2.25,3.1,0.0,0,0.0,813.0
2022-08-09,30.5,15.2,3.8785714285714286,5.6,0.0,0,0.0,788.0
2022-08-10,30.1,15.4,4.571428571428571,7.6,0.0,0,0.0,786.0
2022-08-11,30.6,14.6,4.542857142857143,8.4,0.0,0,0.0,801.0
2022-08-12,30.2,15.3,4.764285714285714,6.8,0.0,0,0.0,750.0
2022-08-13,31.3,14.6,3.3642857142857143,5.0,0.0,0,0.0,732.0
2022-08-14,32.0,16.7,3.3285714285714287,5.0,0.0,0,0.0,653.0
2022-08-15,28.5,17.5,4.885714285714286,8.4,0.0,0,0.0,404.0
2022-08-16,30.0,14.7,2.442857142857143,4.3,0.0,0,0.0,579.0
2022-08-17,31.2,15.8,1.95,7.3,0.0,0,0.0,366.0
2022-08-18,28.1,19.0,2.6999999999999997,4.2,0.0,0,0.0,241.0
2022-08-19,26.0,18.4,2.507142857142857,3.9,0.0,0,0.0,14.0
2022-08-20,27.2,17.3,2.5714285714285716,4.3,10.5,3,0.0,156.0
2022-08-21,28.5,13.6,1.992857142857143,4.0,0.0,0,0.0,700.0
2022-08-22,28.9,13.8,2.107142857142857,3.9,0.0,0,0.0,699.0
2022-08-23,29.8,13.4,2.0,2.9,0.0,0,0.0,758.0
2022-08-24,30.9,14.8,2.75,4.5,0.0,0,0.0,746.0
2022-08-25,31.4,16.4,3.057142857142857,5.8,0.0,0,0.0,617.0
2022-08-26,31.8,18.0,2.207142857142857,5.0,15.8,1,0.0,442.0
2022-08-27,21.5,17.6,1.3785714285714286,3.3,13.5,3,0.0,0.0
2022-08-28,25.3,16.4,1.6428571428571428,2.4,0.0,0,0.0,221.0
2022-08-29,26.9,12.6,1.7285714285714284,2.2,0.0,0,0.0,761.0
2022-08-30,28.6,12.8,2.207142857142857,3.3,0.0,0,0.0,736.0
2022-08-31,24.5,15.5,4.357142857142857,6.0,0.0,0,0.0,408.0
2022-09-01,24.3,12.9,3.7642857142857147,5.3,0.0,0,0.0,379.0
2022-09-02,24.0,11.2,4.264285714285714,6.5,0.0,0,0.0,748.0
2022-09-03,24.8,13.2,2.6214285714285714,4.5,0.5,1,0.0,244.0
2022-09-04,25.4,12.3,1.3928571428571428,2.5,0.0,0,0.0,429.0
2022-09-05,29.9,12.8,2.4285714285714284,4.2,0.0,0,0.0,567.0
2022-09-06,30.4,15.3,2.5142857142857147,4.4,0.0,0,0.0,558.0
2022-09-07,29.4,16.1,3.3785714285714286,5.7,0.0,0,0.0,451.0
2022-09-08,22.6,13.8,5.778571428571429,8.7,2.2,3,0.0,293.0
2022-09-09,22.6,13.6,5.178571428571429,10.9,0.6,4,0.0,162.0
2022-09-10,20.0,13.7,5.214285714285714,7.9,4.6,4,0.0,106.0
2022-09-11,22.1,12.2,2.0571428571428574,3.1,0.0,0,0.0,159.0
2022-09-12,23.1,11.0,2.042857142857143,4.7,0.0,0,0.0,347.0
2022-09-13,21.5,11.0,0.9428571428571428,1.6,0.30000000000000004,2,0.0,8.0
2022-09-14,21.9,15.8,3.0285714285714285,5.9,14.0,6,0.0,26.0
2022-09-15,18.8,13.1,2.3857142857142857,3.7,6.8999999999999995,2,0.0,82.0
2022-09-16,17.6,8.6,4.021428571428571,7.7,0.1,1,0.0,254.0
2022-09-17,15.1,8.1,5.614285714285714,7.6,3.0,4,0.0,298.0
2022-09-18,13.1,6.6,6.121428571428572,9.0,4.5,6,0.0,3.0
2022-09-19,13.9,6.7,4.171428571428572,7.4,3.1,3,0.0,152.0
2022-09-20,15.5,7.1,2.357142857142857,3.7,0.4,3,0.0,210.0
2022-09-21,16.1,4.8,1.8571428571428572,4.4,0.0,0,0.0,373.0
2022-09-22,17.5,3.2,1.707142857142857,3.7,0.0,0,0.0,599.0
2022-09-23,19.1,3.8,1.2428571428571427,2.7,0.0,0,0.0,610.0
2022-09-24,19.1,8.0,1.6642857142857144,3.6,0.0,0,0.0,340.0
2022-09-25,14.9,10.6,1.8571428571428572,2.8,6.8,9,0.0,1.0
2022-09-26,15.5,7.9,5.614285714285714,8.3,0.6,2,0.0,250.0
2022-09-27,11.6,6.8,5.578571428571428,7.4,0.7000000000000001,6,0.0,21.0
2022-09-28,13.1,6.2,3.242857142857143,4.9,0.3,1,0.0,171.0
2022-09-29,14.2,5.0,1.4857142857142858,3.7,0.1,1,0.0,246.0
2022-09-30,15.9,3.8,1.4642857142857142,2.9,0.0,0,0.0,394.0
2022-10-01,13.8,6.5,7.328571428571428,10.6,5.0,6,0.0,58.0
2022-10-02,13.2,10.1,3.15,5.6,7.8,8,0.0,0.0
2022-10-03,15.5,6.2,2.0214285714285714,2.9,0.0,0,0.0,355.0
2022-10-04,17.4,4.7,2.2285714285714286,3.9,0.0,0,0.0,464.0
2022-10-05,20.7,5.5,3.5928571428571425,6.8,0.0,0,0.0,628.0
2022-10-06,18.7,6.7,2.142857142857143,3.6,0.2,1,0.0,494.0
2022-10-07,18.9,5.5,1.5,2.6,0.0,0,0.0,400.0
2022-10-08,17.1,6.5,2.978571428571428,6.1,0.0,0,0.0,343.0
2022-10-09,16.9,4.5,3.0714285714285716,6.1,0.0,0,0.0,453.0
2022-10-10,21.0,5.8,2.507142857142857,6.4,0.0,0,0.0,479.0
2022-10-11,16.4,7.2,1.9642857142857142,3.0,0.0,0,0.0,253.0
2022-10-12,16.4,5.1,1.8714285714285714,3.5,0.0,0,0.0,507.0
2022-10-13,15.8,8.3,1.5714285714285714,3.0,0.2,1,0.0,47.0
2022-10-14,16.3,10.7,2.8857142857142857,4.2,0.2,2,0.0,13.0
2022-10-15,18.4,12.9,4.3,7.5,0.4,1,0.0,53.0
2022-10-16,22.0,12.8,1.9785714285714284,2.9,2.7,3,0.0,153.0
2022-10-17,24.5,9.7,1.8642857142857143,4.3,0.0,0,0.0,589.0
2022-10-18,18.2,11.7,1.5071428571428573,2.5,1.8,1,0.0,56.0
2022-10-19,13.8,7.0,2.585714285714286,5.5,0.1,1,0.0,0.0
2022-10-20,14.0,5.3,3.5357142857142856,7.1,0.2,2,0.0,22.0
2022-10-21,16.5,10.0,2.2785714285714285,6.7,11.0,6,0.0,28.0
2022-10-22,19.6,10.3,2.9071428571428575,5.4,0.1,1,0.0,368.0
2022-10-23,19.6,7.2,2.292857142857143,3.8,0.0,0,0.0,266.0
2022-10-24,17.2,12.2,4.7,6.6,0.1,1,0.0,59.0
2022-10-25,17.8,9.3,3.2285714285714286,5.4,0.0,0,0.0,251.0
2022-10-26,20.3,9.0,1.9214285714285713,3.4,0.0,0,0.0,201.0
2022-10-27,21.4,7.3,1.7785714285714285,3.9,0.0,0,0.0,348.0
2022-10-28,21.8,10.5,1.75,3.0,0.0,0,0.0,188.0
2022-10-29,22.8,10.5,1.2642857142857142,2.2,0.0,0,0.0,176.0
2022-10-30,21.0,9.8,1.1071428571428572,2.1,0.1,1,0.0,288.0
2022-10-31,13.3,9.3,1.0,1.7,0.1,1,0.0,0.0
2022-11-01,17.2,7.4,4.421428571428572,8.1,0.2,2,0.0,243.0
2022-11-02,15.7,4.7,4.3428571428571425,6.8,0.0,0,0.0,401.0
2022-11-03,13.6,3.2,2.185714285714286,4.9,0.0,0,0.0,224.0
2022-11-04,12.1,8.0,1.9428571428571428,4.8,0.0,0,0.0,42.0
2022-11-05,10.8,4.5,1.5142857142857142,2.7,0.8,3,0.0,66.0
2022-11-06,11.1,1.2,3.564285714285714,6.9,0.0,0,0.0,410.0
2022-11-07,13.9,7.8,4.971428571428571,8.1,0.0,0,0.0,143.0
2022-11-08,16.3,4.7,2.542857142857143,4.3,0.0,0,0.0,314.0
2022-11-09,14.4,9.4,3.8642857142857143,6.0,2.4,5,0.0,73.0
2022-11-10,14.0,5.2,3.164285714285714,5.2,0.0,0,0.0,404.0
2022-11-11,12.3,2.5,1.1500000000000001,3.1,0.0,0,0.0,246.0
2022-11-12,7.2,3.2,0.9,1.5,0.0,0,0.0,0.0
2022-11-13,13.1,0.4,1.8714285714285714,4.2,0.0,0,0.0,362.0
2022-11-14,10.9,0.0,3.5357142857142856,5.3,0.0,0,0.0,158.0
2022-11-15,13.3,4.7,1.5999999999999999,3.3,0.0,0,0.0,214.0
2022-11-16,13.9,7.3,2.9285714285714284,4.9,1.0,3,0.0,209.0
2022-11-17,11.7,7.0,4.035714285714286,6.8,5.800000000000001,10,0.0,50.0
2022-11-18,10.1,1.7,3.3285714285714287,4.7,6.0,8,0.0,18.0
2022-11-19,1.7,-0.4,2.9499999999999997,4.0,4.6000000000000005,10,4.6000000000000005,0.0
2022-11-20,5.3,-0.3,1.2785714285714285,4.6,1.7999999999999998,6,0.7999999999999999,18.0
2022-11-21,7.2,2.7,3.564285714285714,6.0,1.1,3,0.0,53.0
2022-11-22,7.6,2.4,3.164285714285714,5.1,0.0,0,0.0,64.0
2022-11-23,10.3,1.9,2.9,4.0,0.0,0,0.0,246.0
2022-11-24,10.5,2.0,3.835714285714286,6.2,0.9,2,0.0,66.0
2022-11-25,6.7,0.1,0.7928571428571428,1.2,0.2,1,0.0,21.0
2022-11-26,7.1,-0.1,1.8928571428571428,3.2,0.0,0,0.0,167.0
2022-11-27,4.3,-1.8,2.6285714285714286,5.5,0.0,0,0.0,17.0
2022-11-28,5.0,2.2,1.8071428571428572,4.6,0.2,1,0.0,0.0
2022-11-29,5.8,4.0,1.1642857142857144,1.7,0.4,3,0.0,0.0
2022-11-30,5.3,2.3,2.4285714285714284,3.6,0.0,0,0.0,0.0
2022-12-01,6.3,2.0,2.5,3.2,0.0,0,0.0,88.0
2022-12-02,3.1,0.3,4.292857142857143,5.5,1.5,7,1.0,0.0
2022-12-03,2.2,0.4,3.6785714285714284,5.1,0.0,0,0.0,0.0
2022-12-04,3.9,1.2,3.3642857142857143,4.4,0.0,0,0.0,0.0
2022-12-05,4.4,2.5,2.607142857142857,3.6,0.0,0,0.0,0.0
2022-12-06,3.3,2.0,2.835714285714286,4.2,0.0,0,0.0,0.0
2022-12-07,4.8,1.2,4.171428571428572,5.8,0.9,3,0.0,11.0
2022-12-08,3.2,0.8,3.1,4.9,0.0,0,0.0,0.0
2022-12-09,1.7,-1.5,1.9857142857142858,3.6,0.0,0,0.0,0.0
2022-12-10,1.9,-2.2,1.4642857142857142,2.6,1.3,3,0.7,97.0
2022-12-11,-1.3,-3.0,2.064285714285714,3.2,0.0,0,0.0,0.0
2022-12-12,0.1,-8.1,1.1,2.3,0.5,1,0.5,72.0
2022-12-13,-2.4,-9.9,2.15,3.5,0.0,0,0.0,394.0
2022-12-14,-3.0,-6.5,3.4714285714285715,6.5,0.9,5,0.9,0.0
2022-12-15,-2.7,-6.4,1.4142857142857144,2.3,0.0,0,0.0,367.0
2022-12-16,-0.6,-7.2,1.9214285714285713,3.4,0.0,0,0.0,6.0
2022-12-17,-2.2,-11.7,1.0285714285714287,1.7,0.0,0,0.0,458.0
2022-12-18,-3.3,-12.9,3.064285714285714,5.1,0.0,0,0.0,0.0
2022-12-19,0.5,-4.0,2.1357142857142857,3.0,0.2,1,0.2,0.0
2022-12-20,2.5,-1.6,1.2857142857142858,2.7,0.0,0,0.0,0.0
2022-12-21,10.1,1.3,3.8857142857142857,6.2,2.3,6,0.0,10.0
2022-12-22,10.9,6.6,7.078571428571428,11.1,4.3,10,0.0,28.0
2022-12-23,12.2,7.7,3.7357142857142853,6.8,11.1,9,0.0,0.0
2022-12-24,11.9,7.7,4.285714285714286,6.1,0.6000000000000001,3,0.0,60.0
2022-12-25,11.1,5.6,2.1928571428571426,4.5,0.0,0,0.0,46.0
2022-12-26,11.6,4.3,7.207142857142857,8.6,5.4,6,0.0,0.0
2022-12-27,6.7,0.3,4.778571428571429,7.5,0.0,0,0.0,326.0
2022-12-28,9.6,0.1,4.971428571428571,7.2,0.0,0,0.0,176.0
2022-12-29,12.9,7.6,7.035714285714286,11.2,2.0999999999999996,2,0.0,156.0
2022-12-30,11.9,3.4,4.942857142857143,8.4,1.4000000000000001,4,0.0,289.0
2022-12-31,17.7,10.6,6.728571428571429,10.1,0.0,0,0.0,234.0
2023-01-01,15.4,9.4,4.335714285714286,7.2,0.0,0,0.0,200.0
2023-01-02,16.2,8.0,5.471428571428571,10.2,0.0,0,0.0,109.0
2023-01-03,9.0,3.6,2.5285714285714285,4.1,0.0,0,0.0,297.0
2023-01-04,10.2,2.3,8.457142857142857,11.4,0.6000000000000001,4,0.0,0.0
2023-01-05,11.2,8.3,6.557142857142857,8.7,0.0,0,0.0,49.0
2023-01-06,9.7,8.3,4.071428571428571,5.7,1.0,4,0.0,0.0
2023-01-07,9.6,4.3,3.142857142857143,4.9,0.0,0,0.0,36.0
2023-01-08,9.0,4.5,3.757142857142857,4.9,0.5,3,0.0,23.0
2023-01-09,8.0,4.1,6.371428571428572,8.6,3.4,1,0.0,29.0
2023-01-10,6.4,3.1,4.771428571428571,6.0,0.0,0,0.0,30.0
2023-01-11,9.8,4.4,5.292857142857143,7.6,2.3,5,0.0,0.0
2023-01-12,9.6,6.4,9.264285714285714,12.3,0.8999999999999999,2,0.0,7.0
2023-01-13,9.9,5.8,7.521428571428571,10.9,2.6,4,0.0,194.0
2023-01-14,9.5,4.2,5.878571428571428,7.8,3.7,5,0.0,0.0
2023-01-15,10.0,1.9,5.664285714285714,8.4,6.4,9,0.0,90.0
2023-01-16,5.4,1.2,7.578571428571428,10.2,0.2,2,0.0,97.0
2023-01-17,4.9,0.1,3.007142857142857,4.3,0.0,0,0.0,347.0
2023-01-18,0.5,-6.1,2.757142857142857,3.7,3.4000000000000004,7,3.4000000000000004,0.0
2023-01-19,0.9,-6.4,3.3214285714285716,6.3,0.1,1,0.1,177.0
2023-01-20,1.9,-5.4,1.7214285714285715,2.8,1.0,2,1.0,71.0
2023-01-21,-0.3,-3.9,2.807142857142857,5.0,0.0,0,0.0,0.0
2023-01-22,1.6,-0.9,2.0357142857142856,2.9,0.7,4,0.7,0.0
2023-01-23,3.3,-0.4,3.2285714285714286,5.2,0.0,0,0.0,122.0
2023-01-24,1.8,0.2,3.6785714285714284,5.0,0.0,0,0.0,0.0
2023-01-25,0.5,-0.9,1.8714285714285714,3.2,0.0,0,0.0,0.0
2023-01-26,-0.7,-1.7,1.5142857142857142,2.8,0.0,0,0.0,0.0
2023-01-27,1.7,-1.8,2.2357142857142858,3.6,0.0,0,0.0,4.0
2023-01-28,1.2,-1.8,3.2214285714285715,5.3,0.0,0,0.0,0.0
2023-01-29,1.6,-3.4,2.6357142857142857,5.0,0.0,0,0.0,282.0
2023-01-30,4.3,-1.9,8.678571428571429,10.6,0.0,0,0.0,25.0
2023-01-31,4.3,0.7,6.735714285714286,8.3,0.0,0,0.0,9.0
2023-02-01,6.6,3.3,8.957142857142857,12.2,0.0,0,0.0,60.0
2023-02-02,7.5,4.0,7.728571428571429,10.4,1.9,8,0.0,33.0
2023-02-03,8.1,5.5,8.385714285714286,10.1,1.8,6,0.0,0.0
2023-02-04,6.7,-1.6,2.6357142857142857,4.6,0.0,0,0.0,24.0
2023-02-05,0.3,-3.6,1.592857142857143,3.5,2.6,6,2.6,0.0
2023-02-06,3.4,-0.7,2.042857142857143,4.2,0.0,0,0.0,31.0
2023-02-07,2.4,-4.6,2.9642857142857144,5.3,0.0,0,0.0,558.0
2023-02-08,4.3,-6.2,3.542857142857143,5.2,0.0,0,0.0,560.0
2023-02-09,2.5,-7.1,1.4214285714285713,2.5,0.0,0,0.0,542.0
2023-02-10,3.3,-6.2,1.2642857142857142,2.2,0.0,0,0.0,0.0
2023-02-11,6.4,-0.1,3.357142857142857,4.7,0.0,0,0.0,24.0
2023-02-12,9.5,1.8,1.8142857142857143,3.3,0.0,0,0.0,52.0
2023-02-13,7.4,-0.7,1.4642857142857142,2.3,0.0,0,0.0,216.0
2023-02-14,2.0,0.0,2.5357142857142856,3.7,0.0,0,0.0,0.0
2023-02-15,2.6,-1.9,1.8785714285714286,3.0,0.0,0,0.0,100.0
2023-02-16,8.6,-2.0,1.092857142857143,1.9,0.1,1,0.0,78.0
2023-02-17,12.0,7.6,7.892857142857143,11.1,0.0,0,0.0,13.0
2023-02-18,12.4,9.2,8.007142857142858,11.1,1.1,2,0.0,38.0
2023-02-19,11.0,6.9,6.542857142857143,9.1,0.5,4,0.0,74.0
2023-02-20,13.8,4.3,6.764285714285714,9.9,0.0,0,0.0,571.0
2023-02-21,14.8,4.1,1.9857142857142855,3.6,0.0,0,0.0,329.0
2023-02-22,14.0,1.5,1.1071428571428572,1.9,0.0,0,0.0,295.0
2023-02-23,11.4,6.6,1.55,2.2,0.8,3,0.0,0.0
2023-02-24,9.4,3.2,4.435714285714286,7.5,1.3,1,0.0,26.0
2023-02-25,5.2,-1.3,4.692857142857143,8.8,1.7,4,0.0,109.0
2023-02-26,3.0,-2.8,4.635714285714286,5.9,0.0,0,0.0,78.0
2023-02-27,4.1,-4.1,5.621428571428572,7.8,0.0,0,0.0,483.0
2023-02-28,4.5,-3.6,5.335714285714286,7.8,0.0,0,0.0,454.0
2023-03-01,7.9,-2.9,4.607142857142857,6.6,0.0,0,0.0,619.0
2023-03-02,12.3,-0.8,3.742857142857143,5.2,0.0,0,0.0,612.0
2023-03-03,10.2,-1.5,2.3214285714285716,3.5,0.0,0,0.0,609.0
2023-03-04,4.1,-1.5,3.257142857142857,5.4,0.0,0,0.0,0.0
2023-03-05,4.1,1.5,3.0285714285714285,5.4,0.0,0,0.0,0.0
2023-03-06,5.5,1.0,4.8999999999999995,8.1,0.1,1,0.0,36.0
2023-03-07,7.2,1.1,9.107142857142858,11.5,0.0,0,0.0,189.0
2023-03-08,8.7,0.4,5.328571428571428,8.7,7.2,11,0.6,0.0
2023-03-09,12.0,6.8,8.528571428571428,11.4,0.30000000000000004,3,0.0,88.0
2023-03-10,10.7,1.7,9.264285714285714,13.3,2.4,7,0.0,74.0
2023-03-11,4.1,-2.4,3.242857142857143,5.0,0.0,0,0.0,136.0
2023-03-12,9.9,-3.1,3.5071428571428567,5.6,0.2,1,0.0,21.0
2023-03-13,18.4,6.9,7.535714285714286,10.0,0.4,2,0.0,248.0
2023-03-14,12.0,2.1,8.142857142857142,13.1,2.7,5,0.0,70.0
2023-03-15,5.9,-1.5,4.085714285714286,5.8,0.7,2,0.4,255.0
2023-03-16,9.7,-4.1,3.6999999999999997,6.2,0.0,0,0.0,566.0
2023-03-17,16.5,1.7,2.4,3.8,0.0,0,0.0,429.0
2023-03-18,18.0,6.2,2.507142857142857,3.9,0.0,0,0.0,495.0
2023-03-19,16.5,5.9,2.9,4.1,1.2,2,0.0,201.0
2023-03-20,11.9,7.0,3.6214285714285714,5.5,0.4,1,0.0,22.0
2023-03-21,15.0,5.9,2.2857142857142856,3.9,0.9,3,0.0,264.0
2023-03-22,17.0,5.8,6.5928571428571425,10.4,0.0,0,0.0,433.0
2023-03-23,14.2,10.9,6.807142857142857,10.5,0.30000000000000004,2,0.0,21.0
2023-03-24,13.5,8.3,6.6571428571428575,9.8,3.0,6,0.0,84.0
2023-03-25,12.1,6.3,9.585714285714285,12.3,4.0,3,0.0,372.0
2023-03-26,11.7,5.6,5.171428571428572,11.3,4.6,6,0.0,146.0
2023-03-27,8.6,0.6,3.9499999999999997,6.4,0.30000000000000004,2,0.0,484.0
2023-03-28,8.7,-0.6,3.3214285714285716,5.0,0.0,0,0.0,648.0
2023-03-29,14.5,3.5,3.892857142857143,6.2,0.0,0,0.0,195.0
2023-03-30,16.6,9.2,6.064285714285715,12.5,11.6,8,0.0,162.0
2023-03-31,13.0,8.1,7.514285714285714,10.9,6.8,6,0.0,165.0
2023-04-01,10.2,8.2,7.614285714285714,10.1,3.5,8,0.0,22.0
2023-04-02,8.3,1.0,4.478571428571429,6.2,1.0,3,0.0,0.0
2023-04-03,7.8,-0.8,6.035714285714286,7.7,0.0,0,0.0,667.0
2023-04-04,7.6,-2.2,3.9857142857142853,5.3,0.0,0,0.0,595.0
2023-04-05,8.7,-2.7,1.9785714285714284,3.1,0.0,0,0.0,620.0
2023-04-06,12.5,-2.8,2.735714285714286,5.2,0.0,0,0.0,574.0
2023-04-07,12.5,4.8,2.292857142857143,3.6,1.1,5,0.0,135.0
2023-04-08,10.5,3.0,2.292857142857143,4.8,0.0,0,0.0,10.0
2023-04-09,14.5,4.3,3.1214285714285714,4.8,0.0,0,0.0,502.0
2023-04-10,16.2,2.0,5.357142857142857,7.7,0.0,0,0.0,641.0
2023-04-11,13.7,5.9,6.971428571428571,9.3,1.5,2,0.0,388.0
2023-04-12,13.4,5.7,6.421428571428572,8.7,5.4,10,0.0,88.0
2023-04-13,11.2,3.6,5.492857142857143,8.2,0.0,0,0.0,181.0
2023-04-14,14.2,1.5,2.2785714285714285,4.3,0.30000000000000004,2,0.0,418.0
2023-04-15,10.0,4.6,2.692857142857143,4.9,5.6000000000000005,8,0.0,0.0
2023-04-16,11.2,7.6,2.7357142857142853,3.6,3.0,6,0.0,0.0
2023-04-17,10.5,5.5,3.1214285714285714,4.5,0.0,0,0.0,0.0
2023-04-18,14.9,4.5,6.878571428571428,10.0,0.0,0,0.0,177.0
2023-04-19,13.6,3.9,4.535714285714286,6.3,0.0,0,0.0,421.0
2023-04-20,11.5,3.9,5.114285714285714,8.1,0.3,1,0.0,276.0
2023-04-21,19.8,6.7,3.4499999999999997,5.7,0.0,0,0.0,454.0
2023-04-22,22.0,8.7,2.85,4.7,0.0,0,0.0,366.0
2023-04-23,18.6,10.3,4.371428571428572,7.9,2.8,1,0.0,426.0
2023-04-24,13.0,7.6,8.02142857142857,11.0,0.30000000000000004,2,0.0,315.0
2023-04-25,11.9,4.3,3.8214285714285716,4.8,0.1,1,0.0,161.0
2023-04-26,12.7,0.7,2.0142857142857142,4.5,0.0,0,0.0,562.0
2023-04-27,16.0,2.5,1.6785714285714286,2.9,0.0,0,0.0,447.0
2023-04-28,16.3,8.3,1.5714285714285714,5.0,4.7,5,0.0,30.0
2023-04-29,14.7,9.5,2.935714285714286,5.2,0.0,0,0.0,58.0
2023-04-30,18.7,9.0,4.164285714285714,5.2,0.0,0,0.0,626.0
2023-05-01,15.1,6.6,2.1142857142857143,3.3,0.0,0,0.0,268.0
2023-05-02,18.5,6.6,2.9499999999999997,4.7,0.0,0,0.0,434.0
2023-05-03,17.4,5.2,2.957142857142857,4.3,0.0,0,0.0,728.0
2023-05-04,21.5,5.0,3.8071428571428574,5.1,0.0,0,0.0,799.0
2023-05-05,22.6,8.7,2.7857142857142856,5.0,1.3,1,0.0,380.0
2023-05-06,20.3,10.9,2.0785714285714287,2.5,0.0,0,0.0,417.0
2023-05-07,23.6,11.5,3.642857142857143,5.1,0.0,0,0.0,381.0
2023-05-08,16.4,11.0,1.6142857142857143,3.1,1.5999999999999999,4,0.0,0.0
2023-05-09,22.0,11.0,5.328571428571428,7.6,0.0,0,0.0,555.0
2023-05-10,17.6,10.7,3.85,8.7,2.6,2,0.0,71.0
2023-05-11,13.6,9.8,2.414285714285714,4.0,7.1000000000000005,10,0.0,0.0
2023-05-12,15.9,9.5,4.857142857142857,8.1,0.30000000000000004,3,0.0,16.0
2023-05-13,19.0,8.1,4.671428571428572,6.5,0.0,0,0.0,448.0
2023-05-14,18.7,7.7,2.6571428571428575,3.6,0.0,0,0.0,233.0
2023-05-15,20.4,8.5,3.4642857142857144,6.8,0.0,0,0.0,552.0
2023-05-16,15.7,7.3,2.8857142857142857,4.0,0.30000000000000004,2,0.0,148.0
2023-05-17,15.7,5.3,2.585714285714286,3.7,0.0,0,0.0,383.0
2023-05-18,17.8,3.9,4.571428571428571,6.4,0.0,0,0.0,654.0
2023-05-19,19.3,7.5,4.207142857142857,5.8,0.0,0,0.0,261.0
2023-05-20,23.2,12.7,4.964285714285714,6.6,0.0,0,0.0,565.0
2023-05-21,26.4,14.6,4.585714285714286,6.5,0.0,0,0.0,667.0
2023-05-22,27.9,13.5,1.9857142857142858,3.1,0.0,0,0.0,624.0
2023-05-23,19.3,10.4,3.6,4.8,0.0,0,0.0,145.0
2023-05-24,16.3,7.6,2.842857142857143,4.2,0.0,0,0.0,409.0
2023-05-25,22.3,6.0,3.3285714285714287,4.5,0.0,0,0.0,824.0
2023-05-26,23.1,9.2,3.3714285714285714,4.4,0.0,0,0.0,822.0
2023-05-27,23.2,8.9,3.75,5.2,0.0,0,0.0,823.0
2023-05-28,24.7,9.0,2.4642857142857144,4.0,0.0,0,0.0,824.0
2023-05-29,25.5,10.1,3.9071428571428575,5.6,0.0,0,0.0,816.0
2023-05-30,23.4,11.5,4.371428571428572,6.8,0.0,0,0.0,789.0
2023-05-31,25.5,10.8,4.678571428571429,7.0,0.0,0,0.0,821.0
2023-06-01,27.5,11.5,2.1857142857142855,3.8,0.0,0,0.0,801.0
2023-06-02,22.2,9.6,3.564285714285714,6.2,0.0,0,0.0,826.0
2023-06-03,23.7,9.8,3.957142857142857,5.4,0.0,0,0.0,669.0
2023-06-04,24.7,9.7,2.957142857142857,4.3,0.0,0,0.0,828.0
2023-06-05,26.6,10.5,3.6999999999999997,6.7,0.0,0,0.0,683.0
2023-06-06,24.0,11.5,3.792857142857143,5.8,0.0,0,0.0,715.0
2023-06-07,26.0,13.8,2.2785714285714285,6.4,0.0,0,0.0,466.0
2023-06-08,25.5,13.7,2.9714285714285715,9.9,1.5,4,0.0,347.0
2023-06-09,28.2,12.9,2.3714285714285714,4.1,0.0,0,0.0,656.0
2023-06-10,28.7,14.0,4.614285714285714,6.9,0.0,0,0.0,736.0
2023-06-11,28.5,15.8,4.428571428571429,6.6,0.0,0,0.0,805.0
2023-06-12,27.4,14.2,4.771428571428571,6.4,0.0,0,0.0,792.0
2023-06-13,26.4,12.4,4.742857142857143,6.8,0.0,0,0.0,827.0
2023-06-14,25.0,12.3,4.2214285714285715,6.2,0.0,0,0.0,651.0
2023-06-15,25.4,11.5,2.3000000000000003,4.3,0.0,0,0.0,565.0
2023-06-16,26.0,10.6,2.3714285714285714,5.1,0.0,0,0.0,629.0
2023-06-17,27.9,11.2,3.257142857142857,6.3,0.0,0,0.0,768.0
2023-06-18,30.4,11.7,2.064285714285714,3.7,0.0,0,0.0,753.0
2023-06-19,29.5,17.2,2.8785714285714286,5.3,0.0,0,0.0,387.0
2023-06-20,31.9,18.4,2.4285714285714284,3.7,0.0,0,0.0,715.0
2023-06-21,27.5,17.9,2.9499999999999997,4.3,0.0,0,0.0,450.0
2023-06-22,33.1,18.6,3.9285714285714284,7.3,0.0,0,0.0,538.0
2023-06-23,20.0,15.4,4.957142857142857,7.9,0.0,0,0.0,8.0
2023-06-24,27.7,13.2,1.8857142857142857,2.8,0.0,0,0.0,724.0
2023-06-25,29.6,14.4,2.042857142857143,3.4,0.0,0,0.0,831.0
2023-06-26,32.0,14.6,4.4,8.3,0.0,0,0.0,740.0
2023-06-27,24.8,14.5,3.542857142857143,5.4,0.0,0,0.0,549.0
2023-06-28,26.1,14.6,2.4499999999999997,4.7,0.0,0,0.0,601.0
2023-06-29,29.3,12.2,1.9785714285714284,3.2,0.0,0,0.0,493.0
2023-06-30,25.0,14.1,3.4285714285714284,5.9,0.0,0,0.0,221.0
2023-07-01,23.7,12.4,6.914285714285714,10.3,0.4,2,0.0,369.0
2023-07-02,24.7,13.8,6.385714285714285,8.6,0.0,0,0.0,580.0
2023-07-03,24.0,13.4,6.5375,8.6,0.0,0,0.0,234.0
2023-07-04,26.9,14.3,5.058333333333334,6.8,0.0,0,0.0,501.0
2023-07-05,23.0,12.6,6.121428571428572,9.2,0.4,1,0.0,510.0
2023-07-06,26.4,10.3,2.307142857142857,4.3,0.0,0,0.0,670.0
2023-07-07,31.8,11.9,2.6357142857142857,4.3,0.0,0,0.0,833.0
2023-07-08,34.4,14.9,2.3785714285714286,4.1,0.0,0,0.0,722.0
2023-07-09,36.1,17.3,1.9000000000000001,4.0,0.0,0,0.0,721.0
2023-07-10,31.4,19.9,3.857142857142857,5.9,0.0,0,0.0,644.0
2023-07-11,35.6,15.9,3.6357142857142857,6.7,0.0,0,0.0,739.0
2023-07-12,28.7,18.7,4.3428571428571425,6.3,0.0,0,0.0,336.0
2023-07-13,25.3,14.5,4.792857142857143,8.3,0.0,0,0.0,560.0
2023-07-14,29.1,11.6,2.8857142857142857,4.3,0.0,0,0.0,607.0
2023-07-15,35.6,16.5,3.8214285714285716,6.8,0.0,0,0.0,630.0
2023-07-16,26.1,16.3,5.8500000000000005,7.6,0.0,0,0.0,600.0
2023-07-17,28.1,14.6,5.621428571428572,8.4,0.0,0,0.0,686.0
2023-07-18,28.9,12.6,2.05,3.3,0.0,0,0.0,813.0
2023-07-19,29.1,14.8,2.707142857142857,4.7,7.3,4,0.0,442.0
2023-07-20,25.4,14.6,3.5285714285714285,5.5,0.0,0,0.0,641.0
2023-07-21,24.4,14.8,2.242857142857143,4.7,0.30000000000000004,2,0.0,147.0
2023-07-22,26.1,14.0,4.2,5.6,0.0,0,0.0,394.0
2023-07-23,27.0,15.0,7.671428571428571,11.1,0.0,0,0.0,427.0
2023-07-24,25.3,14.9,6.1499999999999995,8.9,3.9,3,0.0,253.0
2023-07-25,21.1,13.4,3.585714285714286,8.8,2.8000000000000003,5,0.0,126.0
2023-07-26,20.1,12.4,3.257142857142857,7.5,1.8000000000000003,3,0.0,272.0
2023-07-27,17.7,10.9,4.628571428571428,7.4,3.0,7,0.0,0.0
2023-07-28,24.0,16.2,4.692857142857143,7.0,0.1,1,0.0,101.0
2023-07-29,25.9,16.4,5.1571428571428575,7.9,4.2,5,0.0,411.0
2023-07-30,23.3,16.4,5.714285714285714,8.9,0.5,1,0.0,436.0
2023-07-31,22.5,16.0,7.6000000000000005,9.8,0.0,0,0.0,127.0
2023-08-01,22.7,14.1,5.992857142857143,9.5,8.3,6,0.0,182.0
2023-08-02,20.8,12.7,6.128571428571428,9.7,12.4,12,0.0,49.0
2023-08-03,21.7,13.9,10.87857142857143,14.6,0.0,0,0.0,437.0
2023-08-04,22.4,13.8,2.3857142857142857,3.8,2.2,5,0.0,273.0
2023-08-05,22.8,14.1,2.0785714285714287,4.2,0.0,0,0.0,345.0
2023-08-06,18.3,11.9,7.178571428571429,10.0,4.4,6,0.0,109.0
2023-08-07,17.8,11.1,7.578571428571428,10.2,0.0,0,0.0,206.0
2023-08-08,21.2,10.8,6.057142857142857,8.2,0.0,0,0.0,482.0
2023-08-09,19.6,11.0,2.7357142857142853,4.7,0.7999999999999999,2,0.0,169.0
2023-08-10,24.9,8.6,1.9214285714285713,3.2,0.0,0,0.0,705.0
2023-08-11,29.2,11.2,1.75,2.7,0.0,0,0.0,811.0
2023-08-12,27.6,16.5,2.0785714285714287,8.7,9.5,4,0.0,168.0
2023-08-13,27.1,17.0,2.4,4.7,0.0,0,0.0,383.0
2023-08-14,31.7,17.7,2.307142857142857,4.2,0.0,0,0.0,557.0
2023-08-15,29.5,18.5,2.607142857142857,4.1,0.2,1,0.0,373.0
2023-08-16,29.5,16.9,2.4,4.6,0.0,0,0.0,477.0
2023-08-17,30.3,17.2,1.8071428571428572,3.4,0.0,0,0.0,550.0
2023-08-18,31.0,16.1,3.5785714285714287,4.9,0.0,0,0.0,772.0
2023-08-19,35.0,17.4,2.8642857142857143,5.2,0.0,0,0.0,561.0
2023-08-20,32.7,20.6,1.8357142857142856,2.9,0.0,0,0.0,721.0
2023-08-21,33.5,20.0,2.0142857142857142,3.3,0.0,0,0.0,688.0
2023-08-22,31.4,18.5,3.0785714285714287,5.1,0.0,0,0.0,742.0
2023-08-23,29.9,17.2,2.15,3.6,0.0,0,0.0,773.0
2023-08-24,31.7,14.5,3.15,6.5,0.0,0,0.0,381.0
2023-08-25,26.1,17.8,3.835714285714286,5.9,2.4,2,0.0,280.0
2023-08-26,22.5,13.7,3.0500000000000003,4.4,0.2,2,0.0,382.0
2023-08-27,21.7,13.3,2.5,4.6,1.3,2,0.0,88.0
2023-08-28,17.9,12.9,2.0642857142857145,3.0,0.0,0,0.0,12.0
2023-08-29,18.4,12.9,2.5928571428571425,3.8,2.8000000000000003,5,0.0,3.0
2023-08-30,21.5,11.7,3.7785714285714285,7.4,0.0,0,0.0,306.0
2023-08-31,20.2,10.9,5.221428571428571,7.1,0.0,0,0.0,406.0
2023-09-01,21.0,12.9,3.8000000000000003,6.0,5.2,5,0.0,46.0
2023-09-02,24.9,12.8,1.342857142857143,2.2,0.0,0,0.0,391.0
2023-09-03,24.7,13.4,1.6285714285714286,2.7,0.0,0,0.0,537.0
2023-09-04,27.0,11.6,4.571428571428571,6.4,0.0,0,0.0,750.0
2023-09-05,27.3,13.4,4.192857142857142,5.6,0.0,0,0.0,756.0
2023-09-06,29.7,12.2,3.264285714285714,5.3,0.0,0,0.0,755.0
2023-09-07,30.0,13.3,3.5214285714285714,5.8,0.0,0,0.0,747.0
2023-09-08,29.9,13.1,2.75,4.4,0.0,0,0.0,740.0
2023-09-09,30.0,12.0,1.6857142857142857,2.2,0.0,0,0.0,730.0
2023-09-10,30.8,13.4,1.707142857142857,2.9,0.0,0,0.0,727.0
2023-09-11,30.9,13.8,1.5,2.6,0.0,0,0.0,708.0
2023-09-12,31.7,13.5,1.5142857142857142,3.1,0.0,0,0.0,602.0
2023-09-13,23.9,15.2,3.3071428571428574,4.7,0.0,0,0.0,186.0
2023-09-14,22.6,11.3,1.5785714285714287,2.4,0.0,0,0.0,545.0
2023-09-15,26.4,9.4,3.0214285714285714,5.3,0.0,0,0.0,636.0
2023-09-16,29.3,12.9,2.085714285714286,2.7,0.0,0,0.0,662.0
2023-09-17,30.3,16.2,2.607142857142857,4.8,0.0,0,0.0,638.0
2023-09-18,21.8,16.2,3.414285714285714,5.6,1.7000000000000002,4,0.0,100.0
2023-09-19,21.8,13.0,5.735714285714286,8.0,0.0,0,0.0,593.0
2023-09-20,26.4,12.6,4.035714285714286,6.3,0.0,0,0.0,645.0
2023-09-21,26.9,12.8,1.3153846153846156,2.8,0.0,0,0.0,78.0
2023-09-22,19.0,11.1,3.992857142857143,5.4,0.1,1,0.0,166.0
2023-09-23,18.2,8.6,3.2285714285714286,5.2,0.0,0,0.0,283.0
2023-09-24,19.8,5.6,2.1,4.1,0.0,0,0.0,602.0
2023-09-25,22.7,7.1,2.2857142857142856,3.9,0.0,0,0.0,685.0
2023-09-26,24.5,8.1,1.5285714285714285,2.8,0.0,0,0.0,680.0
2023-09-27,25.7,10.4,1.7857142857142858,3.6,0.0,0,0.0,416.0
2023-09-28,27.7,10.5,1.5,2.9,0.0,0,0.0,558.0
2023-09-29,28.0,11.3,4.285714285714286,7.8,0.0,0,0.0,323.0
2023-09-30,21.1,9.0,1.8928571428571428,2.8,0.0,0,0.0,400.0
2023-10-01,24.8,6.9,1.6928571428571428,3.5,0.0,0,0.0,667.0
2023-10-02,27.8,8.3,1.4357142857142857,2.2,0.0,0,0.0,655.0
2023-10-03,24.7,10.2,7.428571428571429,11.6,7.0,2,0.0,314.0
2023-10-04,19.1,7.6,3.0714285714285716,4.9,0.0,0,0.0,370.0
2023-10-05,17.1,7.3,2.6785714285714284,5.1,0.0,0,0.0,147.0
2023-10-06,20.7,5.7,2.5142857142857147,4.7,0.0,0,0.0,555.0
2023-10-07,20.2,8.3,4.007142857142857,6.6,0.0,0,0.0,165.0
2023-10-08,20.2,11.7,2.507142857142857,4.3,0.0,0,0.0,54.0
2023-10-09,20.7,9.9,2.0285714285714285,3.5,0.0,0,0.0,1.0
2023-10-10,23.8,10.3,2.707142857142857,5.0,0.0,0,0.0,572.0
2023-10-11,26.3,11.7,4.171428571428572,6.5,0.0,0,0.0,587.0
2023-10-12,19.0,14.9,1.8071428571428572,3.8,2.8000000000000003,3,0.0,0.0
2023-10-13,27.3,13.8,4.985714285714286,8.0,0.0,0,0.0,429.0
2023-10-14,21.0,7.9,4.8,7.4,1.1,1,0.0,223.0
2023-10-15,12.9,2.7,4.264285714285714,7.7,0.4,1,0.0,477.0
2023-10-16,11.3,-0.6,2.1357142857142857,4.7,0.0,0,0.0,387.0
2023-10-17,11.9,1.2,3.5285714285714285,5.3,0.0,0,0.0,219.0
2023-10-18,14.5,1.1,4.071428571428571,6.9,1.8,2,0.0,389.0
2023-10-19,17.6,8.7,2.2642857142857147,4.5,1.5,6,0.0,38.0
2023-10-20,17.3,11.0,3.892857142857143,5.9,1.6,5,0.0,13.0
2023-10-21,18.6,10.1,5.8,9.1,0.0,0,0.0,363.0
2023-10-22,17.3,7.6,5.464285714285714,9.7,0.0,0,0.0,432.0
2023-10-23,14.4,4.8,2.2785714285714285,4.5,0.5,4,0.0,206.0
2023-10-24,12.3,8.2,1.7,4.9,7.800000000000001,9,0.0,0.0
2023-10-25,13.5,7.6,3.5785714285714287,6.3,5.7,8,0.0,63.0
2023-10-26,12.3,8.1,2.6571428571428575,4.1,0.4,3,0.0,88.0
2023-10-27,13.8,9.2,4.95,9.6,1.9,4,0.0,121.0
2023-10-28,13.9,9.0,5.257142857142857,7.8,3.2,3,0.0,76.0
2023-10-29,15.7,10.2,3.892857142857143,8.0,5.699999999999999,7,0.0,21.0
2023-10-30,16.0,10.5,2.2642857142857142,3.9,0.7,2,0.0,262.0
2023-10-31,12.9,9.6,5.771428571428571,8.2,0.0,0,0.0,27.0
2023-11-01,16.8,9.0,4.035714285714286,6.0,0.0,0,0.0,342.0
2023-11-02,10.7,6.6,5.735714285714286,7.9,2.6,7,0.0,0.0
2023-11-03,9.6,4.1,5.264285714285714,6.3,0.0,0,0.0,0.0
2023-11-04,11.3,4.0,6.4,10.0,1.1,4,0.0,196.0
2023-11-05,11.9,7.2,8.414285714285715,11.1,1.7,7,0.0,35.0
2023-11-06,13.6,6.9,6.207142857142857,8.3,0.1,1,0.0,204.0
2023-11-07,9.6,5.8,6.021428571428571,8.1,0.6,4,0.0,32.0
2023-11-08,10.9,4.4,5.535714285714286,8.2,0.0,0,0.0,228.0
2023-11-09,10.6,3.2,5.178571428571429,7.8,0.5,3,0.0,2.0
2023-11-10,10.6,4.0,5.514285714285714,8.0,0.5,2,0.0,221.0
2023-11-11,8.0,3.1,5.807142857142857,7.2,1.0,6,0.0,101.0
2023-11-12,8.3,2.3,1.3142857142857143,2.7,0.0,0,0.0,219.0
2023-11-13,14.4,4.3,5.085714285714286,11.4,13.200000000000001,14,0.0,0.0
2023-11-14,11.7,8.6,7.1571428571428575,9.1,1.0,2,0.0,36.0
2023-11-15,12.8,7.4,6.792857142857143,10.5,4.1,5,0.0,214.0
2023-11-16,9.2,4.8,3.414285714285714,6.1,3.8,6,0.0,17.0
2023-11-17,6.9,2.7,1.9928571428571427,3.7,0.0,0,0.0,95.0
2023-11-18,6.7,-0.3,2.107142857142857,4.9,1.0,2,0.0,1.0
2023-11-19,14.0,5.6,5.75,7.5,5.7,5,0.0,156.0
2023-11-20,11.7,7.5,5.821428571428571,7.9,0.30000000000000004,3,0.0,81.0
2023-11-21,10.8,3.6,1.4000000000000001,1.9,0.1,1,0.0,24.0
2023-11-22,3.8,-0.6,2.664285714285714,4.8,0.0,0,0.0,13.0
2023-11-23,6.7,-0.5,5.071428571428571,7.7,0.0,0,0.0,13.0
2023-11-24,8.9,2.1,6.185714285714285,7.9,2.1,2,0.0,157.0
2023-11-25,4.3,0.3,5.8,8.1,0.2,2,0.0,56.0
2023-11-26,5.2,-1.4,3.0142857142857147,5.5,0.0,0,0.0,85.0
2023-11-27,3.4,-0.2,3.9071428571428575,5.7,8.2,8,6.5,0.0
2023-11-28,0.8,-2.0,2.9214285714285713,4.3,3.1,5,3.1,0.0
2023-11-29,1.3,-4.6,6.185714285714285,8.8,0.0,0,0.0,29.0
2023-11-30,2.3,-2.2,1.6642857142857144,3.2,0.0,0,0.0,54.0
2023-12-01,0.9,-2.1,2.2,3.3,0.39999999999999997,2,0.39999999999999997,0.0
2023-12-02,-1.9,-3.5,2.757142857142857,3.6,0.1,1,0.1,0.0
2023-12-03,0.0,-6.6,3.3714285714285714,4.5,0.0,0,0.0,358.0
2023-12-04,-1.7,-6.5,4.014285714285714,5.6,1.5,3,1.5,8.0
2023-12-05,4.9,-1.8,2.5214285714285714,5.0,1.2000000000000002,6,0.4,28.0
2023-12-06,3.3,1.7,3.9785714285714286,5.4,0.4,3,0.0,0.0
2023-12-07,2.2,-2.2,2.4,4.8,0.0,0,0.0,0.0
2023-12-08,1.8,-1.4,1.7214285714285715,5.7,1.5,7,1.3,0.0
2023-12-09,8.7,1.5,4.735714285714286,8.1,0.8,3,0.0,3.0
2023-12-10,10.6,7.1,7.8,10.0,0.0,0,0.0,164.0
2023-12-11,12.5,7.4,7.564285714285715,11.4,0.1,1,0.0,154.0
2023-12-12,8.9,4.8,2.1214285714285714,3.5,0.7,1,0.0,41.0
2023-12-13,9.7,4.7,2.442857142857143,4.7,1.3,4,0.0,79.0
2023-12-14,6.5,2.3,2.1142857142857143,4.3,0.30000000000000004,2,0.0,0.0
2023-12-15,5.9,1.3,2.107142857142857,3.5,0.1,1,0.0,22.0
2023-12-16,7.2,1.9,2.4857142857142853,4.4,0.0,0,0.0,50.0
2023-12-17,7.3,-0.5,1.6642857142857144,2.8,0.0,0,0.0,450.0
2023-12-18,7.0,-2.7,1.407142857142857,2.2,0.0,0,0.0,418.0
2023-12-19,4.9,-0.1,3.314285714285714,4.8,0.0,0,0.0,84.0
2023-12-20,6.2,3.9,7.1499999999999995,10.3,1.1,3,0.0,160.0
2023-12-21,10.3,3.8,10.85,13.6,4.6,7,0.0,0.0
2023-12-22,8.8,3.0,9.028571428571428,12.4,9.4,12,0.0,6.0
2023-12-23,9.3,5.8,11.25,13.7,1.9000000000000001,5,0.0,0.0
2023-12-24,10.4,7.2,8.535714285714286,11.0,4.6,9,0.0,0.0
2023-12-25,9.5,7.9,9.435714285714285,10.6,0.2,2,0.0,1.0
2023-12-26,10.0,6.7,6.235714285714286,8.3,0.0,0,0.0,11.0
2023-12-27,9.4,3.2,2.8857142857142857,5.3,0.0,0,0.0,49.0
2023-12-28,9.4,3.0,5.635714285714286,6.7,0.1,1,0.0,8.0
2023-12-29,10.9,7.8,7.507142857142857,10.8,0.0,0,0.0,30.0
2023-12-30,10.0,3.5,4.992857142857143,6.9,0.7,1,0.0,64.0
2023-12-31,9.8,1.5,4.6571428571428575,9.0,0.2,1,0.0,1.0
2024-01-01,8.5,4.8,7.364285714285714,10.1,0.39999999999999997,2,0.0,94.0
2024-01-02,10.2,4.9,8.950000000000001,10.6,15.8,12,0.0,0.0
2024-01-03,11.0,7.1,9.15,11.3,10.0,6,0.0,50.0
2024-01-04,8.3,4.6,7.714285714285714,10.4,1.7,6,0.0,41.0
2024-01-05,9.1,3.3,3.5714285714285716,5.1,0.0,0,0.0,37.0
2024-01-06,6.3,2.3,1.0785714285714285,2.0,0.0,0,0.0,15.0
2024-01-07,4.1,-2.2,4.607142857142857,5.5,0.0,0,0.0,12.0
2024-01-08,-1.5,-7.4,5.757142857142857,7.6,0.0,0,0.0,377.0
2024-01-09,-0.3,-8.0,3.8785714285714286,5.4,0.0,0,0.0,479.0
2024-01-10,-0.4,-6.8,2.1,4.2,0.0,0,0.0,418.0
2024-01-11,2.1,-8.1,1.3928571428571428,2.3,0.0,0,0.0,480.0
2024-01-12,-1.6,-5.2,1.3928571428571428,2.6,0.0,0,0.0,0.0
2024-01-13,-1.0,-2.2,4.692857142857143,6.6,0.0,0,0.0,0.0
2024-01-14,-1.2,-4.3,3.4642857142857144,5.3,0.0,0,0.0,31.0
2024-01-15,0.7,-3.9,6.835714285714286,8.9,0.30000000000000004,2,0.30000000000000004,56.0
2024-01-16,0.7,-6.9,2.6357142857142857,3.8,0.0,0,0.0,56.0
2024-01-17,0.9,-7.9,1.3785714285714286,2.5,6.5,8,6.5,0.0
2024-01-18,0.9,-2.4,2.5285714285714285,3.9,6.8999999999999995,9,6.8999999999999995,0.0
2024-01-19,-0.2,-3.1,2.642857142857143,4.5,0.0,0,0.0,151.0
2024-01-20,-1.7,-9.8,2.207142857142857,3.6,0.0,0,0.0,183.0
2024-01-21,2.7,-11.5,1.7142857142857142,3.4,0.0,0,0.0,236.0
2024-01-22,9.3,1.0,7.385714285714286,10.9,2.2,2,0.0,9.0
2024-01-23,8.8,5.0,6.514285714285714,9.0,0.0,0,0.0,254.0
2024-01-24,14.0,7.6,10.485714285714286,13.1,0.1,1,0.0,143.0
2024-01-25,8.9,4.9,3.9214285714285713,5.9,0.0,0,0.0,244.0
2024-01-26,10.3,3.3,6.635714285714285,8.7,3.2,5,0.0,0.0
2024-01-27,7.5,-1.1,1.8714285714285714,4.1,0.0,0,0.0,511.0
2024-01-28,8.2,-2.5,2.207142857142857,3.6,0.0,0,0.0,520.0
2024-01-29,8.6,-2.4,1.207142857142857,2.4,0.0,0,0.0,474.0
2024-01-30,7.6,-2.0,1.1,2.9,0.0,0,0.0,137.0
2024-01-31,8.4,4.2,1.4714285714285715,3.2,0.0,0,0.0,20.0
2024-02-01,10.0,2.1,3.4714285714285715,5.2,2.2,4,0.0,120.0
2024-02-02,9.3,1.4,4.285714285714286,6.5,0.0,0,0.0,104.0
2024-02-03,8.6,6.2,5.435714285714285,7.4,0.0,0,0.0,2.0
2024-02-04,9.0,6.2,6.992857142857143,8.8,0.1,1,0.0,0.0
2024-02-05,11.0,4.8,5.371428571428572,8.1,0.0,0,0.0,219.0
2024-02-06,8.2,5.2,8.078571428571427,10.2,0.0,0,0.0,0.0
2024-02-07,9.5,2.9,8.814285714285715,11.7,10.7,12,0.0,4.0
2024-02-08,11.0,2.7,3.935714285714286,8.0,5.9,11,0.0,0.0
2024-02-09,14.1,8.0,5.228571428571429,6.7,2.8000000000000003,5,0.0,36.0
2024-02-10,10.4,6.3,2.2,3.3,0.0,0,0.0,0.0
2024-02-11,8.4,5.9,4.585714285714286,6.4,4.0,6,0.0,0.0
2024-02-12,8.9,4.3,3.8000000000000003,5.8,3.0,6,0.0,21.0
2024-02-13,8.9,1.9,2.557142857142857,4.4,0.0,0,0.0,227.0
2024-02-14,10.3,3.5,4.478571428571429,6.5,0.1,1,0.0,0.0
2024-02-15,15.8,7.4,2.892857142857143,3.9,0.0,0,0.0,205.0
2024-02-16,17.7,7.1,2.8428571428571425,5.4,0.5,1,0.0,171.0
2024-02-17,12.6,8.1,2.807142857142857,4.1,0.0,0,0.0,138.0
2024-02-18,11.8,6.3,4.642857142857143,7.0,1.5,2,0.0,216.0
2024-02-19,11.2,7.5,5.957142857142857,8.3,0.1,1,0.0,99.0
2024-02-20,10.6,6.4,5.05,6.9,0.0,0,0.0,221.0
2024-02-21,10.5,5.4,4.142857142857143,6.6,0.0,0,0.0,173.0
2024-02-22,10.9,7.4,7.621428571428572,9.6,5.1,10,0.0,0.0
2024-02-23,8.8,1.8,5.328571428571428,7.3,0.0,0,0.0,72.0
2024-02-24,9.3,-0.1,4.542857142857143,8.3,0.2,1,0.0,282.0
2024-02-25,10.4,-0.1,3.2214285714285715,5.3,0.0,0,0.0,361.0
2024-02-26,11.7,4.0,2.6,3.3,0.2,2,0.0,130.0
2024-02-27,11.1,5.2,3.2142857142857144,4.2,0.0,0,0.0,82.0
2024-02-28,11.0,1.7,1.75,2.7,0.0,0,0.0,418.0
2024-02-29,11.2,-1.1,2.6714285714285713,6.3,0.0,0,0.0,270.0
2024-03-01,9.2,0.0,2.3857142857142857,4.9,0.0,0,0.0,29.0
2024-03-02,15.0,3.5,3.8714285714285714,6.8,0.0,0,0.0,436.0
2024-03-03,16.6,3.1,3.9642857142857144,5.5,0.0,0,0.0,563.0
2024-03-04,10.4,2.6,2.5,3.8,0.0,0,0.0,21.0
2024-03-05,9.3,6.0,2.335714285714286,4.6,5.9,5,0.0,0.0
2024-03-06,11.1,3.6,2.3642857142857143,3.1,0.0,0,0.0,50.0
2024-03-07,8.3,1.4,4.371428571428572,6.1,0.0,0,0.0,60.0
2024-03-08,11.2,-0.8,6.857142857142857,8.1,0.0,0,0.0,640.0
2024-03-09,13.2,-0.3,3.257142857142857,4.8,0.0,0,0.0,393.0
2024-03-10,12.8,3.8,4.0,5.8,0.0,0,0.0,52.0
2024-03-11,13.8,4.0,5.621428571428572,8.4,0.0,0,0.0,541.0
2024-03-12,9.9,3.9,4.15,5.4,0.3,1,0.0,26.0
2024-03-13,11.1,4.8,2.442857142857143,3.5,0.1,1,0.0,29.0
2024-03-14,17.6,7.2,2.75,4.5,0.0,0,0.0,458.0
2024-03-15,15.9,7.2,5.45,10.1,0.0,0,0.0,196.0
2024-03-16,14.6,5.0,5.307142857142857,7.6,1.0,2,0.0,113.0
2024-03-17,12.4,2.5,1.2285714285714284,1.6,0.0,0,0.0,309.0
2024-03-18,12.9,4.0,1.2307692307692308,2.3,0.8,2,0.0,111.0
2024-03-19,14.9,5.5,1.4357142857142857,2.8,0.1,1,0.0,362.0
2024-03-20,17.6,4.7,1.3642857142857143,3.0,0.0,0,0.0,513.0
2024-03-21,17.2,4.6,3.3285714285714287,5.9,0.0,0,0.0,350.0
2024-03-22,15.8,3.2,3.3000000000000003,5.9,0.0,0,0.0,145.0
2024-03-23,11.0,2.4,6.864285714285714,10.5,0.30000000000000004,2,0.0,273.0
2024-03-24,8.3,1.8,8.135714285714286,11.5,3.1000000000000005,5,0.0,171.0
2024-03-25,10.7,2.7,3.1142857142857143,6.0,0.0,0,0.0,461.0
2024-03-26,15.3,0.5,4.692857142857143,5.9,0.0,0,0.0,436.0
2024-03-27,17.4,3.7,4.085714285714286,8.1,0.8,1,0.0,351.0
2024-03-28,11.8,3.4,6.885714285714286,12.1,0.7,4,0.0,350.0
2024-03-29,12.8,4.4,2.7357142857142853,6.7,3.5,6,0.0,16.0
2024-03-30,17.4,5.4,2.242857142857143,3.9,0.0,0,0.0,59.0
2024-03-31,19.2,7.6,2.8000000000000003,4.8,0.0,0,0.0,506.0
2024-04-01,11.7,7.6,7.05,12.6,4.3,4,0.0,79.0
2024-04-02,13.1,6.7,7.114285714285714,9.7,2.0,6,0.0,237.0
2024-04-03,12.6,7.3,4.957142857142857,8.7,2.4,6,0.0,0.0
2024-04-04,14.2,8.2,7.071428571428571,10.7,12.600000000000001,7,0.0,143.0
2024-04-05,20.6,9.5,5.614285714285714,9.8,0.0,0,0.0,291.0
2024-04-06,25.9,10.5,3.542857142857143,5.9,0.0,0,0.0,629.0
2024-04-07,23.1,9.8,3.1285714285714286,5.2,0.0,0,0.0,481.0
2024-04-08,26.0,13.0,3.1818181818181817,5.1,0.0,0,0.0,292.0
2024-04-09,19.4,8.8,6.2,9.2,0.1,1,0.0,142.0
2024-04-10,14.6,4.6,2.1928571428571426,4.0,0.0,0,0.0,335.0
2024-04-11,18.6,2.4,1.6500000000000001,2.6,0.0,0,0.0,663.0
2024-04-12,21.7,5.0,2.757142857142857,4.5,0.0,0,0.0,709.0
2024-04-13,22.9,8.3,3.085714285714286,5.0,0.0,0,0.0,679.0
2024-04-14,22.0,13.0,4.435714285714286,8.8,0.0,0,0.0,616.0
2024-04-15,17.5,4.4,8.392857142857142,14.2,1.3,3,0.0,283.0
2024-04-16,10.8,2.5,9.692857142857141,14.7,6.8,5,0.0,339.0
2024-04-17,11.9,2.7,3.6999999999999997,6.0,0.0,0,0.0,328.0
2024-04-18,10.1,2.8,2.507142857142857,4.3,6.4,8,0.0,312.0
2024-04-19,6.3,3.5,8.042857142857143,9.7,7.8,12,0.0,0.0
2024-04-20,10.5,3.8,4.114285714285715,5.9,0.4,2,0.0,275.0
2024-04-21,4.7,0.7,3.057142857142857,5.6,8.7,11,0.0,0.0
2024-04-22,8.6,-1.0,2.75,3.7,0.2,1,0.0,443.0
2024-04-23,11.5,-1.6,2.3642857142857143,3.5,0.0,0,0.0,730.0
2024-04-24,7.5,1.1,4.571428571428571,6.8,2.7,5,0.0,115.0
2024-04-25,9.3,2.9,4.457142857142857,6.7,0.0,0,0.0,98.0
2024-04-26,14.5,1.2,3.6785714285714284,7.4,0.0,0,0.0,248.0
2024-04-27,21.2,4.2,4.007142857142857,7.1,0.0,0,0.0,726.0
2024-04-28,20.0,7.3,3.7285714285714286,6.0,0.0,0,0.0,478.0
2024-04-29,21.0,9.7,1.6714285714285713,2.8,0.0,0,0.0,533.0
2024-04-30,26.7,10.2,1.9357142857142857,3.6,0.0,0,0.0,712.0
2024-05-01,25.1,11.6,5.114285714285714,7.4,0.0,0,0.0,690.0
2024-05-02,25.3,11.6,3.65,6.5,1.2,2,0.0,417.0
2024-05-03,15.4,8.5,4.957142857142857,7.0,0.0,0,0.0,69.0
2024-05-04,18.1,6.0,2.4857142857142853,4.4,0.0,0,0.0,371.0
2024-05-05,18.4,11.7,5.028571428571429,7.5,1.7,4,0.0,200.0
2024-05-06,18.0,11.4,3.5285714285714285,7.9,3.1,6,0.0,10.0
2024-05-07,14.1,10.4,3.007142857142857,4.3,0.1,1,0.0,0.0
2024-05-08,14.6,7.3,2.307142857142857,3.6,0.0,0,0.0,20.0
2024-05-09,20.1,5.2,2.1714285714285713,4.4,0.0,0,0.0,748.0
2024-05-10,21.8,8.0,2.5500000000000003,4.1,0.0,0,0.0,738.0
2024-05-11,23.0,8.4,2.4214285714285713,4.0,0.0,0,0.0,803.0
2024-05-12,24.3,10.6,3.5357142857142856,5.5,0.0,0,0.0,757.0
2024-05-13,25.1,10.4,3.4285714285714284,5.2,0.0,0,0.0,729.0
2024-05-14,25.2,11.5,5.3428571428571425,7.0,0.0,0,0.0,764.0
2024-05-15,24.6,11.3,2.742857142857143,5.0,0.0,0,0.0,622.0
2024-05-16,21.6,13.4,2.8642857142857143,5.7,0.5,1,0.0,218.0
2024-05-17,15.5,11.3,4.121428571428572,6.2,2.7,6,0.0,0.0
2024-05-18,17.4,11.2,3.4,8.4,0.0,0,0.0,82.0
2024-05-19,19.6,10.8,4.392857142857143,7.0,0.7,2,0.0,297.0
2024-05-20,23.2,9.1,1.8499999999999999,3.1,0.0,0,0.0,688.0
2024-05-21,20.0,12.4,2.7714285714285714,4.3,1.5,7,0.0,80.0
2024-05-22,20.2,11.7,5.085714285714286,7.8,0.0,0,0.0,244.0
2024-05-23,22.6,9.6,2.2785714285714285,7.2,0.2,1,0.0,509.0
2024-05-24,18.9,11.9,2.257142857142857,3.5,4.300000000000001,4,0.0,92.0
2024-05-25,21.3,10.9,1.4357142857142857,2.1,0.0,0,0.0,435.0
2024-05-26,24.3,9.7,3.3000000000000003,6.4,0.0,0,0.0,601.0
2024-05-27,22.9,14.3,2.414285714285714,4.4,1.1,1,0.0,229.0
2024-05-28,19.5,11.2,4.614285714285714,6.6,0.0,0,0.0,623.0
2024-05-29,19.9,12.6,5.471428571428571,8.2,0.1,1,0.0,74.0
2024-05-30,20.5,12.8,2.4071428571428575,4.3,6.4,6,0.0,174.0
2024-05-31,17.0,12.6,2.75,4.2,1.2,5,0.0,5.0
2024-06-01,18.3,12.9,3.5285714285714285,5.3,17.9,7,0.0,25.0
2024-06-02,21.7,14.0,2.6,3.9,6.3,3,0.0,348.0
2024-06-03,19.2,11.4,2.3000000000000003,3.3,0.0,0,0.0,180.0
2024-06-04,22.6,9.9,2.85,5.5,0.0,0,0.0,501.0
2024-06-05,21.1,12.4,4.1571428571428575,6.9,0.0,0,0.0,159.0
2024-06-06,23.4,11.1,2.685714285714286,5.2,0.0,0,0.0,553.0
2024-06-07,23.9,11.5,2.25,4.4,0.0,0,0.0,653.0
2024-06-08,25.5,11.3,3.85,6.3,0.0,0,0.0,672.0
2024-06-09,22.6,12.2,2.664285714285714,4.2,0.0,0,0.0,674.0
2024-06-10,21.8,10.8,5.1000000000000005,9.0,0.0,0,0.0,534.0
2024-06-11,18.2,8.9,3.842857142857143,5.7,0.0,0,0.0,270.0
2024-06-12,19.0,6.8,2.5500000000000003,3.5,0.0,0,0.0,602.0
2024-06-13,20.6,9.9,2.8428571428571425,4.1,0.0,0,0.0,641.0
2024-06-14,19.6,10.7,3.707142857142857,6.6,0.1,1,0.0,52.0
2024-06-15,21.1,11.8,6.742857142857143,10.3,1.5999999999999999,2,0.0,391.0
2024-06-16,23.6,10.6,4.928571428571429,7.4,0.0,0,0.0,349.0
2024-06-17,23.0,13.9,5.164285714285714,8.0,0.1,1,0.0,213.0
2024-06-18,30.3,12.5,3.2857142857142856,4.6,0.0,0,0.0,690.0
2024-06-19,22.6,13.3,2.25,3.2,1.9000000000000001,2,0.0,27.0
2024-06-20,24.0,12.4,2.357142857142857,3.8,2.2,1,0.0,194.0
2024-06-21,26.6,16.1,3.8214285714285716,7.5,6.300000000000001,2,0.0,164.0
2024-06-22,22.5,12.9,4.828571428571428,6.9,0.0,0,0.0,359.0
2024-06-23,25.3,13.6,2.142857142857143,3.6,0.0,0,0.0,554.0
2024-06-24,26.5,13.2,3.2142857142857144,4.2,0.0,0,0.0,774.0
2024-06-25,27.9,14.0,4.35,6.4,0.0,0,0.0,831.0
2024-06-26,30.3,16.8,2.2785714285714285,6.0,0.0,0,0.0,602.0
2024-06-27,29.2,17.2,2.9857142857142853,7.0,14.899999999999999,2,0.0,548.0
2024-06-28,27.0,16.9,3.4499999999999997,5.5,7.3999999999999995,3,0.0,517.0
2024-06-29,32.0,15.7,2.1285714285714286,3.2,0.0,0,0.0,694.0
2024-06-30,25.1,15.5,5.164285714285714,9.8,13.9,7,0.0,31.0
2024-07-01,20.2,13.5,3.707142857142857,4.9,2.1,3,0.0,196.0
2024-07-02,18.0,12.7,3.8642857142857143,6.3,1.2,3,0.0,46.0
2024-07-03,19.1,11.1,2.307142857142857,5.0,6.5,6,0.0,134.0
2024-07-04,20.3,11.6,5.6499999999999995,9.9,5.1,8,0.0,186.0
2024-07-05,22.7,11.6,4.364285714285715,6.2,0.0,0,0.0,286.0
2024-07-06,27.1,12.5,5.557142857142857,9.0,4.1,5,0.0,324.0
2024-07-07,22.5,12.1,2.242857142857143,4.4,0.0,0,0.0,494.0
2024-07-08,26.5,11.0,2.2214285714285715,3.4,0.0,0,0.0,781.0
2024-07-09,31.2,14.6,2.4857142857142853,3.8,0.0,0,0.0,835.0
2024-07-10,27.3,18.4,3.007142857142857,6.6,0.8999999999999999,2,0.0,234.0
2024-07-11,27.0,17.5,2.1214285714285714,3.7,0.1,1,0.0,421.0
2024-07-12,26.6,16.9,4.235714285714286,6.8,0.0,0,0.0,229.0
2024-07-13,23.2,13.6,3.092857142857143,5.0,0.0,0,0.0,563.0
2024-07-14,25.7,13.4,2.8428571428571425,8.0,0.0,0,0.0,473.0
2024-07-15,30.3,13.1,1.9785714285714284,4.5,0.0,0,0.0,752.0
2024-07-16,25.5,15.2,6.478571428571429,10.2,0.0,0,0.0,541.0
2024-07-17,24.7,14.1,3.007142857142857,5.1,0.0,0,0.0,558.0
2024-07-18,27.7,13.8,2.142857142857143,3.6,0.0,0,0.0,793.0
2024-07-19,29.9,15.2,2.1857142857142855,3.8,0.0,0,0.0,795.0
2024-07-20,31.2,17.0,2.2857142857142856,5.6,0.0,0,0.0,660.0
2024-07-21,28.3,18.4,2.2857142857142856,6.6,4.8999999999999995,3,0.0,378.0
2024-07-22,26.8,18.4,3.107142857142857,5.3,0.1,1,0.0,424.0
2024-07-23,25.3,15.1,4.7,6.9,0.2,1,0.0,273.0
2024-07-24,23.5,14.0,3.15,5.2,0.0,0,0.0,436.0
2024-07-25,25.7,12.1,1.5571428571428572,3.1,0.0,0,0.0,725.0
2024-07-26,25.2,15.2,1.9857142857142858,4.4,0.8,3,0.0,169.0
2024-07-27,24.5,18.1,1.05,2.1,5.5,5,0.0,48.0
2024-07-28,24.3,14.8,2.835714285714286,4.2,0.0,0,0.0,685.0
2024-07-29,26.5,12.6,2.3857142857142857,3.7,0.0,0,0.0,819.0
2024-07-30,31.0,13.5,1.957142857142857,3.8,0.0,0,0.0,807.0
2024-07-31,32.4,16.3,1.6214285714285714,2.9,0.0,0,0.0,631.0
2024-08-01,27.9,18.4,1.8142857142857143,4.8,5.5,4,0.0,274.0
2024-08-02,26.1,17.3,2.564285714285714,4.5,0.0,0,0.0,365.0
2024-08-03,26.0,16.2,3.0,6.7,17.5,6,0.0,437.0
2024-08-04,23.1,16.4,3.9071428571428575,5.6,0.0,0,0.0,222.0
2024-08-05,25.3,15.8,1.6500000000000001,3.8,0.0,0,0.0,617.0
2024-08-06,29.0,13.6,1.5785714285714287,2.5,0.0,0,0.0,805.0
2024-08-07,27.8,15.9,2.5214285714285714,6.1,34.10000000000001,4,0.0,371.0
2024-08-08,24.4,14.8,2.8642857142857143,4.4,0.0,0,0.0,446.0
2024-08-09,26.4,13.2,4.421428571428572,6.3,0.0,0,0.0,600.0
2024-08-10,27.8,16.5,3.7857142857142856,6.5,0.0,0,0.0,637.0
2024-08-11,29.7,14.4,1.4785714285714284,2.8,0.0,0,0.0,803.0
2024-08-12,31.7,17.1,1.1857142857142857,2.9,0.0,0,0.0,590.0
2024-08-13,34.2,18.7,1.3142857142857143,2.5,0.0,0,0.0,616.0
2024-08-14,29.5,19.1,2.4714285714285715,5.4,0.0,0,0.0,671.0
2024-08-15,28.7,18.2,2.7357142857142853,4.1,0.0,0,0.0,740.0
2024-08-16,29.1,16.4,2.5285714285714285,4.4,0.0,0,0.0,629.0
2024-08-17,27.8,15.9,2.3714285714285714,4.3,0.0,0,0.0,541.0
2024-08-18,23.4,16.5,2.3857142857142857,4.5,2.1,4,0.0,23.0
2024-08-19,23.6,15.6,2.5,3.6,0.0,0,0.0,567.0
2024-08-20,22.5,13.6,2.25,3.3,0.0,0,0.0,292.0
2024-08-21,22.1,12.8,4.807142857142857,6.8,0.0,0,0.0,521.0
2024-08-22,24.7,10.8,2.7714285714285714,5.2,0.0,0,0.0,724.0
2024-08-23,27.5,11.0,5.885714285714286,9.0,0.0,0,0.0,738.0
2024-08-24,33.2,14.5,4.4071428571428575,6.4,0.0,0,0.0,715.0
2024-08-25,22.9,11.4,3.2714285714285714,5.1,0.0,0,0.0,403.0
2024-08-26,24.1,9.1,1.6285714285714286,2.6,0.0,0,0.0,767.0
2024-08-27,27.5,10.1,3.2285714285714286,5.3,0.0,0,0.0,767.0
2024-08-28,31.0,13.5,1.8714285714285714,3.6,0.0,0,0.0,763.0
2024-08-29,33.6,15.5,1.7214285714285715,3.4,0.0,0,0.0,738.0
2024-08-30,33.0,17.0,1.3785714285714286,2.5,0.0,0,0.0,664.0
2024-08-31,29.6,17.6,3.8071428571428574,5.5,0.0,0,0.0,725.0
2024-09-01,31.4,17.3,3.5714285714285716,5.2,0.0,0,0.0,697.0
2024-09-02,27.8,17.5,2.457142857142857,4.4,0.0,0,0.0,550.0
2024-09-03,29.8,17.7,1.5785714285714287,3.7,3.2,2,0.0,425.0
2024-09-04,25.0,16.7,1.8642857142857143,3.5,0.7999999999999999,2,0.0,246.0
2024-09-05,31.7,17.4,5.714285714285714,8.0,0.0,0,0.0,693.0
2024-09-06,25.8,17.5,2.5357142857142856,4.4,0.0,0,0.0,361.0
2024-09-07,29.9,15.1,2.4857142857142853,4.2,0.0,0,0.0,693.0
2024-09-08,26.8,14.2,3.1,4.8,5.0,4,0.0,212.0
2024-09-09,20.0,14.5,4.9071428571428575,7.1,11.1,4,0.0,165.0
2024-09-10,19.1,13.5,4.778571428571429,7.2,0.0,0,0.0,237.0
2024-09-11,14.5,8.8,4.957142857142857,10.5,2.1,4,0.0,10.0
2024-09-12,15.4,7.0,2.892857142857143,6.9,8.3,4,0.0,360.0
2024-09-13,14.3,6.1,2.8000000000000003,4.1,0.0,0,0.0,301.0
2024-09-14,16.4,8.0,3.457142857142857,4.4,0.0,0,0.0,192.0
2024-09-15,18.2,6.9,2.807142857142857,4.2,0.0,0,0.0,384.0
2024-09-16,14.2,10.1,2.164285714285714,2.8,1.4000000000000001,3,0.0,0.0
2024-09-17,21.9,12.4,4.428571428571429,6.8,0.0,0,0.0,237.0
2024-09-18,24.7,14.1,7.114285714285715,10.4,0.0,0,0.0,648.0
2024-09-19,23.4,13.5,6.035714285714286,8.7,0.0,0,0.0,599.0
2024-09-20,23.5,10.8,4.45,6.4,0.0,0,0.0,688.0
2024-09-21,23.5,9.9,1.8285714285714287,2.5,0.0,0,0.0,690.0
2024-09-22,23.8,9.8,1.1428571428571428,2.2,0.0,0,0.0,600.0
2024-09-23,21.3,11.7,2.3214285714285716,4.5,0.0,0,0.0,179.0
2024-09-24,18.3,12.9,6.364285714285714,9.4,0.2,1,0.0,179.0
2024-09-25,19.2,11.7,5.3500000000000005,8.2,0.0,0,0.0,190.0
2024-09-26,18.2,12.8,6.6499999999999995,9.4,6.6000000000000005,9,0.0,0.0
2024-09-27,17.8,10.0,7.792857142857144,12.9,0.4,1,0.0,291.0
2024-09-28,15.2,6.7,3.192857142857143,4.9,1.8,3,0.0,306.0
2024-09-29,14.4,4.1,3.5357142857142856,6.0,0.0,0,0.0,379.0
2024-09-30,13.3,6.4,3.4857142857142853,5.7,3.6,4,0.0,50.0
2024-10-01,18.1,9.7,5.1000000000000005,7.9,1.8,2,0.0,367.0
2024-10-02,15.9,9.3,2.435714285714286,4.6,10.6,6,0.0,183.0
2024-10-03,13.6,7.5,2.75,5.0,0.0,0,0.0,27.0
2024-10-04,13.3,9.1,2.5214285714285714,4.0,1.1,3,0.0,37.0
2024-10-05,14.4,6.3,2.5285714285714285,4.4,0.1,1,0.0,100.0
2024-10-06,11.3,3.3,3.0714285714285716,5.7,0.0,0,0.0,0.0
2024-10-07,16.0,8.4,1.8714285714285714,3.6,8.7,6,0.0,49.0
2024-10-08,16.7,11.7,2.085714285714286,3.4,9.7,8,0.0,23.0
2024-10-09,18.8,10.2,4.607142857142857,7.5,0.30000000000000004,2,0.0,230.0
2024-10-10,18.7,10.7,6.221428571428571,9.4,4.6,4,0.0,148.0
2024-10-11,12.7,3.7,1.707142857142857,2.7,1.0,4,0.0,216.0
2024-10-12,13.4,2.0,2.9642857142857144,5.2,0.0,0,0.0,163.0
2024-10-13,13.8,4.8,5.6499999999999995,8.7,0.0,0,0.0,277.0
2024-10-14,9.5,3.1,1.5642857142857143,2.7,5.4,4,0.0,2.0
2024-10-15,11.6,6.4,3.8642857142857143,6.1,0.0,0,0.0,13.0
2024-10-16,17.4,9.8,5.364285714285714,7.0,0.0,0,0.0,432.0
2024-10-17,18.4,9.2,2.107142857142857,2.8,0.0,0,0.0,292.0
2024-10-18,14.4,9.4,1.95,3.7,0.8,2,0.0,69.0
2024-10-19,17.1,11.5,2.7142857142857144,4.3,0.0,0,0.0,144.0
2024-10-20,17.6,10.4,1.9714285714285715,3.4,0.0,0,0.0,169.0
2024-10-21,19.7,10.9,2.35,3.4,0.0,0,0.0,17.0
2024-10-22,17.2,7.3,2.2785714285714285,3.0,0.0,0,0.0,155.0
2024-10-23,15.2,4.7,2.3857142857142857,4.1,0.0,0,0.0,404.0
2024-10-24,13.1,7.1,2.357142857142857,4.2,0.0,0,0.0,0.0
2024-10-25,15.0,8.1,3.042857142857143,4.9,0.0,0,0.0,159.0
2024-10-26,13.9,9.5,2.8857142857142857,4.0,0.0,0,0.0,108.0
2024-10-27,14.2,10.5,2.2357142857142858,3.6,0.0,0,0.0,17.0
2024-10-28,19.3,8.6,1.6214285714285714,3.8,0.0,0,0.0,322.0
2024-10-29,18.2,8.6,1.3214285714285714,2.2,0.0,0,0.0,185.0
2024-10-30,11.2,7.2,1.292857142857143,2.1,0.1,1,0.0,0.0
2024-10-31,14.9,8.5,1.6142857142857143,3.0,0.0,0,0.0,32.0
2024-11-01,10.9,8.5,2.2357142857142858,3.6,0.2,2,0.0,0.0
2024-11-02,12.6,5.8,1.3642857142857143,4.6,0.0,0,0.0,16.0
2024-11-03,13.5,3.1,1.95,3.1,0.0,0,0.0,514.0
2024-11-04,8.1,0.6,1.242857142857143,2.2,0.0,0,0.0,137.0
2024-11-05,6.1,0.3,4.214285714285714,5.7,0.0,0,0.0,0.0
2024-11-06,6.3,4.4,1.1928571428571428,1.8,0.0,0,0.0,0.0
2024-11-07,6.3,4.3,2.1142857142857143,3.3,0.0,0,0.0,0.0
2024-11-08,6.4,4.0,3.6999999999999997,5.7,0.1,1,0.0,0.0
2024-11-09,5.5,4.4,2.6357142857142857,4.4,0.0,0,0.0,0.0
2024-11-10,4.6,3.3,1.1714285714285713,2.0,0.0,0,0.0,0.0
2024-11-11,5.6,3.1,1.5642857142857143,3.1,5.8,7,0.0,0.0
2024-11-12,8.0,4.1,3.2714285714285714,5.0,0.0,0,0.0,6.0
2024-11-13,5.8,3.0,1.4571428571428573,2.2,1.5,3,0.0,0.0
2024-11-14,6.6,3.6,2.2714285714285714,3.6,0.8,6,0.0,0.0
2024-11-15,8.2,5.5,0.9714285714285714,1.7,0.0,0,0.0,0.0
2024-11-16,6.5,1.8,2.6999999999999997,4.4,0.0,0,0.0,6.0
2024-11-17,5.2,3.4,6.6571428571428575,8.5,0.4,2,0.0,0.0
2024-11-18,6.2,3.8,3.292857142857143,7.0,8.5,12,0.0,0.0
2024-11-19,11.1,3.2,10.907142857142857,13.1,5.0,5,0.0,0.0
2024-11-20,4.5,-0.3,7.228571428571429,9.2,0.2,2,0.0,44.0
2024-11-21,2.3,-1.9,3.7714285714285714,6.6,0.1,1,0.0,35.0
2024-11-22,3.0,-2.4,6.571428571428571,9.2,0.39999999999999997,2,0.39999999999999997,137.0
2024-11-23,4.7,1.3,4.964285714285714,6.6,0.0,0,0.0,108.0
2024-11-24,15.6,3.6,2.242857142857143,4.5,0.0,0,0.0,309.0
2024-11-25,13.4,4.2,1.6142857142857143,3.9,0.0,0,0.0,33.0
2024-11-26,11.7,4.6,3.557142857142857,5.8,0.6000000000000001,2,0.0,97.0
2024-11-27,11.9,2.3,3.6357142857142857,6.0,0.0,0,0.0,170.0
2024-11-28,10.6,4.2,5.964285714285714,7.6,0.0,0,0.0,170.0
2024-11-29,7.1,-1.0,2.3214285714285716,4.7,0.0,0,0.0,223.0
2024-11-30,5.7,-2.8,2.757142857142857,4.8,0.0,0,0.0,487.0
2024-12-01,-0.4,-5.3,2.2785714285714285,4.1,0.0,0,0.0,0.0
2024-12-02,3.5,-1.6,1.6714285714285715,3.0,0.4,2,0.2,0.0
2024-12-03,6.7,1.7,3.457142857142857,5.6,0.39999999999999997,2,0.0,7.0
2024-12-04,3.6,-1.4,1.3857142857142857,3.2,0.0,0,0.0,29.0
2024-12-05,4.6,-0.4,3.3642857142857143,4.2,0.2,1,0.0,237.0
2024-12-06,8.3,4.0,10.107142857142858,12.2,0.8,3,0.0,11.0
2024-12-07,6.6,1.7,4.321428571428571,6.1,8.6,8,0.0,0.0
2024-12-08,5.3,0.5,1.6857142857142857,2.6,0.0,0,0.0,197.0
2024-12-09,4.7,2.1,3.814285714285714,7.5,0.0,0,0.0,7.0
2024-12-10,3.0,1.8,3.9071428571428575,6.0,1.1,7,0.0,0.0
2024-12-11,1.8,0.9,1.8928571428571428,2.9,0.0,0,0.0,0.0
2024-12-12,1.4,-0.6,1.9428571428571428,2.9,0.0,0,0.0,0.0
2024-12-13,0.7,-0.9,4.2,5.3,0.0,0,0.0,0.0
2024-12-14,2.5,-0.9,3.5928571428571425,6.3,0.0,0,0.0,70.0
2024-12-15,5.1,1.2,6.207142857142857,8.6,0.0,0,0.0,21.0
2024-12-16,7.8,4.6,4.628571428571428,6.1,0.0,0,0.0,0.0
2024-12-17,7.4,4.8,4.1,5.9,0.0,0,0.0,0.0
2024-12-18,11.4,2.9,4.809090909090909,8.2,0.0,0,0.0,89.0
2024-12-19,11.4,3.5,7.064285714285715,9.3,4.1000000000000005,6,0.0,32.0
2024-12-20,5.9,-0.1,5.585714285714286,8.2,0.0,0,0.0,165.0
2024-12-21,6.0,0.6,7.107142857142857,10.4,0.0,0,0.0,7.0
2024-12-22,7.3,-0.3,7.292857142857143,9.9,0.8,3,0.0,37.0
2024-12-23,4.3,-0.4,3.1714285714285713,4.3,0.0,0,0.0,47.0
2024-12-24,4.5,0.6,2.3000000000000003,3.8,0.0,0,0.0,117.0
2024-12-25,5.9,-0.6,1.6928571428571428,2.8,0.0,0,0.0,160.0
2024-12-26,4.9,-2.8,1.7785714285714285,3.8,0.0,0,0.0,380.0
2024-12-27,4.1,-4.7,0.8785714285714287,1.7,0.0,0,0.0,443.0
2024-12-28,-1.2,-5.0,1.5999999999999999,2.3,0.0,0,0.0,0.0
2024-12-29,-1.0,-2.4,1.6214285714285714,2.6,0.0,0,0.0,0.0
2024-12-30,-1.1,-2.4,2.5142857142857147,3.5,0.0,0,0.0,0.0
2024-12-31,-2.0,-3.7,2.3000000000000003,3.0,0.0,0,0.0,6.0
